drop table pizzasabor;
drop table pizza;
drop table comanda;
drop table precoportamanho;
drop table saboringrediente;
drop table mesa;
drop table borda;
drop table sabor;
drop table ingrediente;
drop table tipo;
drop table tamanho;

create table tamanho (
	codigo char(1) not null,
	nome varchar(100) not null,
	qtdesabores integer not null check (qtdesabores > 0),
	primary key (codigo)
);

create table tipo (
	codigo integer not null,
	nome varchar(100) not null,
	primary key (codigo)
);

create table ingrediente (
	codigo integer not null,
	nome varchar(100) not null,
	primary key (codigo)
);

create table sabor (
	codigo integer not null,
	nome varchar(100) not null,
	tipo integer not null,
	foreign key (tipo) references tipo(codigo),
	primary key (codigo)
);

create table borda (
	codigo integer not null,
	nome varchar(100) not null,
	preco real not null check (preco > 0),
	primary key (codigo)
);

create table mesa (
	codigo integer not null,
	nome varchar(100) not null,
	primary key (codigo)
);

create table saboringrediente (
	sabor integer not null,
	ingrediente integer not null,
	foreign key (sabor) references sabor(codigo),
	foreign key (ingrediente) references ingrediente(codigo),
	primary key (sabor, ingrediente)
);

create table precoportamanho (
	tipo integer not null,
	tamanho char(1) not null,
	preco real not null check (preco > 0),
	foreign key (tipo) references tipo(codigo),
	foreign key (tamanho) references tamanho(codigo),
	primary key (tipo, tamanho)
);

create table comanda (
	numero integer not null,
	data date not null default current_date,
	mesa integer not null,
	pago boolean not null default false,
	foreign key (mesa) references mesa(codigo),
	primary key (numero)
);

create table pizza (
	codigo integer not null,
	comanda integer not null,
	tamanho char(1) not null,
	borda integer,
	foreign key (comanda) references comanda(numero),
	foreign key (tamanho) references tamanho(codigo),
	foreign key (borda) references borda(codigo),
	primary key (codigo)
);

create table pizzasabor (
	pizza integer not null,
	sabor integer not null,
	foreign key (pizza) references pizza(codigo),
	foreign key (sabor) references sabor(codigo),
	primary key (pizza, sabor)
);

insert into tamanho (codigo, nome, qtdesabores) values
('P', 'PEQUENA', 1),
('M', 'MEDIA', 2),
('G', 'GRANDE', 3),
('F', 'FAMILIA', 4);

insert into tipo (codigo, nome) values
(1, 'PIZZAS SALGADAS TRADICIONAIS'),
(2, 'PIZZAS SALGADAS ESPECIAIS'),
(3, 'PIZZAS DOCES TRADICIONAIS');

insert into ingrediente (codigo, nome) values
(1, 'ALCAPARRA'),
(2, 'ALHO'),
(3, 'ASPARGO'),
(4, 'ATUM'),
(5, 'AZEITONA PRETA'),
(6, 'AZEITONA VERDE'),
(7, 'BACON'),
(8, 'BATATA PALHA'),
(9, 'BROCOLIS'),
(10, 'CALABRESA'),
(11, 'CAMARAO'),
(12, 'CATUPIRY'),
(13, 'CEBOLA'),
(14, 'CHARQUE'),
(15, 'CHEDDAR'),
(16, 'COGUMELO'),
(17, 'CORACAO DE FRANGO'),
(18, 'ERVILHA'),
(19, 'ESPINAFRE'),
(20, 'GORGONZOLA'),
(21, 'GUIZADO DE RES'),
(22, 'LOMBO CANADENSE'),
(23, 'LOMBO DE PORCO'),
(24, 'MANGERONA'),
(25, 'MILHO'),
(26, 'MUSSARELA'),
(27, 'OVO DE CODORNA'),
(28, 'OVO DE GALINHA'),
(29, 'PALMITO'),
(30, 'PEITO DE FRANGO'),
(31, 'PEITO DE PERU'),
(32, 'PEPERONE'),
(33, 'PIMENTAO'),
(34, 'PRESUNTO'),
(35, 'PRESUNTO DE PARMA'),
(36, 'PROVOLONE'),
(37, 'RUCULA'),
(38, 'SALAME'),
(39, 'TOMATE'),
(40, 'TOMATE SECO'),
(41, 'ABACAXI'),
(42, 'AMEIXA PRETA PASSA'),
(43, 'BANANA'),
(44, 'BOMBOM'),
(45, 'CANELA'),
(46, 'CEREJA'),
(47, 'CHANTILY'),
(48, 'CHOCOLATE BRANCO'),
(49, 'CHOCOLATE GRANULADO'),
(50, 'CHOCOLATE PRETO AO LEITE'),
(51, 'CHOCOLATE PRETO MEIO AMARGO'),
(52, 'COCO'),
(53, 'CONFEITOS DE CHOCOLATE'),
(54, 'DAMASCO'),
(55, 'DOCE DE LEITE'),
(56, 'FIGO'),
(57, 'FIOS DE OVOS'),
(58, 'FUNCHO'),
(59, 'GELEIA DE FRUTAS VERMELHAS'),
(60, 'GELEIA DE MACA'),
(61, 'GOIABADA'),
(62, 'HORTELA'),
(63, 'KIWI'),
(64, 'LEITE CONDENCADO'),
(65, 'MACA'),
(66, 'MERENGUE'),
(67, 'MORANGO'),
(68, 'MUSSARELA'),
(69, 'NOZES'),
(70, 'NUTELA'),
(71, 'PESSEGO'),
(72, 'UVA'),
(73, 'UVA PASSA');

insert into sabor (codigo, nome, tipo) values
(1, 'FILIPINAS', 3),
(2, 'LIBIA', 2),
(3, 'LUXEMBURGO', 1),
(4, 'NORUEGA', 1),
(5, 'BOSNIA-HERZEGOVINA', 3),
(6, 'MONACO', 2),
(7, 'HOLANDA', 3),
(8, 'URUGUAI', 3),
(9, 'SEICHELLES', 2),
(10, 'PARAGUAI', 3),
(11, 'INDONESIA', 1),
(12, 'CABO VERDE', 3),
(13, 'ARABIA SAUDITA', 2),
(14, 'BAREM', 1),
(15, 'NIGER', 1),
(16, 'VIETNAM', 3),
(17, 'GANA', 1),
(18, 'GRECIA', 2),
(19, 'QUIRGUIZTAO', 3),
(20, 'POLONIA', 2),
(21, 'ITALIA', 2),
(22, 'HONDURAS', 1),
(23, 'CROACIA', 2),
(24, 'BIELO-RUSSIA', 1),
(25, 'LIBERIA', 2);

insert into borda (codigo, nome, preco) values
(1, 'CATUPIRY', 2.00),
(2, 'CHEDDAR', 2.50),
(3, 'GORGONZOLA', 3.50),
(4, 'DOCE DE LEITE', 3.00),
(5, 'LEITE CONDENCADO', 3.00);

insert into mesa (codigo, nome) values
(1, '1A'),
(2, '1B'),
(3, '1C'),
(4, '2A'),
(5, '2B'),
(6, '2C'),
(7, '3A'),
(8, '3B'),
(9, '3C'),
(10, '4A'),
(11, '4B'),
(12, '4C'),
(13, '5A'),
(14, '5B'),
(15, '5C');

insert into saboringrediente (sabor, ingrediente) values
(1, 42),
(1, 52),
(1, 51),
(1, 53),
(1, 60),
(1, 64),
(1, 67),
(1, 66),
(2, 31),
(2, 14),
(2, 18),
(2, 19),
(2, 22),
(2, 30),
(3, 34),
(3, 36),
(3, 28),
(3, 21),
(3, 17),
(3, 30),
(4, 5),
(4, 23),
(4, 26),
(5, 62),
(5, 50),
(5, 59),
(5, 46),
(5, 64),
(5, 68),
(5, 58),
(6, 30),
(6, 2),
(6, 1),
(6, 33),
(6, 4),
(6, 32),
(6, 28),
(6, 25),
(6, 27),
(7, 42),
(7, 73),
(7, 69),
(7, 72),
(7, 50),
(7, 60),
(7, 53),
(7, 68),
(8, 48),
(8, 62),
(8, 53),
(8, 43),
(8, 49),
(8, 57),
(8, 47),
(8, 67),
(8, 55),
(9, 5),
(9, 16),
(9, 1),
(9, 27),
(9, 22),
(10, 61),
(10, 47),
(10, 59),
(10, 66),
(11, 28),
(11, 16),
(11, 37),
(11, 2),
(11, 36),
(11, 4),
(11, 26),
(11, 3),
(11, 20),
(12, 68),
(12, 51),
(12, 45),
(12, 65),
(13, 29),
(13, 16),
(13, 25),
(13, 10),
(13, 7),
(13, 27),
(13, 30),
(13, 17),
(14, 3),
(14, 27),
(14, 18),
(14, 28),
(14, 5),
(14, 4),
(15, 13),
(15, 16),
(15, 37),
(15, 31),
(15, 35),
(16, 68),
(16, 52),
(16, 58),
(17, 32),
(17, 33),
(17, 1),
(17, 27),
(17, 10),
(17, 25),
(17, 35),
(18, 10),
(18, 29),
(18, 25),
(18, 21),
(18, 5),
(19, 60),
(19, 56),
(19, 42),
(19, 52),
(19, 50),
(19, 54),
(19, 73),
(20, 4),
(20, 3),
(20, 22),
(20, 25),
(20, 6),
(20, 12),
(20, 37),
(20, 28),
(20, 31),
(21, 17),
(21, 21),
(21, 39),
(21, 34),
(21, 13),
(21, 1),
(22, 12),
(22, 9),
(22, 36),
(22, 6),
(22, 33),
(22, 20),
(22, 1),
(23, 4),
(23, 25),
(23, 18),
(23, 37),
(23, 33),
(23, 24),
(23, 30),
(24, 18),
(24, 8),
(24, 37),
(24, 16),
(24, 26),
(24, 12),
(24, 36),
(24, 29),
(24, 20),
(25, 11),
(25, 17),
(25, 8),
(25, 32),
(25, 1);

insert into precoportamanho (tipo, tamanho, preco) values
(1, 'P', 57.00),
(1, 'M', 71.00),
(1, 'G', 85.00),
(1, 'F', 99.00),
(2, 'P', 67.00),
(2, 'M', 75.00),
(2, 'G', 83.00),
(2, 'F', 91.00),
(3, 'P', 71.00),
(3, 'M', 80.00),
(3, 'G', 89.00),
(3, 'F', 98.00);

insert into comanda (numero, data, mesa, pago) values
(1, '2025-03-08', 2, true),
(2, '2025-03-08', 11, true),
(3, '2025-03-08', 14, true),
(4, '2025-03-08', 5, true),
(5, '2025-03-08', 14, true),
(6, '2025-03-08', 5, true),
(7, '2025-03-08', 13, true),
(8, '2025-03-08', 12, true),
(9, '2025-03-08', 14, true),
(10, '2025-03-08', 15, true),
(11, '2025-03-08', 2, true),
(12, '2025-03-08', 13, true),
(13, '2025-03-08', 11, true),
(14, '2025-03-08', 4, true),
(15, '2025-03-08', 1, true),
(16, '2025-03-08', 5, true),
(17, '2025-03-08', 13, true),
(18, '2025-03-08', 11, true),
(19, '2025-03-08', 14, true),
(20, '2025-03-09', 10, true),
(21, '2025-03-09', 14, true),
(22, '2025-03-09', 15, true),
(23, '2025-03-09', 14, true),
(24, '2025-03-09', 15, true),
(25, '2025-03-09', 14, true),
(26, '2025-03-09', 9, true),
(27, '2025-03-09', 6, true),
(28, '2025-03-09', 15, true),
(29, '2025-03-09', 15, true),
(30, '2025-03-09', 10, true),
(31, '2025-03-09', 14, true),
(32, '2025-03-09', 6, true),
(33, '2025-03-09', 6, true),
(34, '2025-03-09', 4, true),
(35, '2025-03-09', 13, true),
(36, '2025-03-10', 4, true),
(37, '2025-03-10', 9, true),
(38, '2025-03-10', 13, true),
(39, '2025-03-10', 9, true),
(40, '2025-03-10', 5, true),
(41, '2025-03-10', 12, true),
(42, '2025-03-10', 5, true),
(43, '2025-03-10', 12, true),
(44, '2025-03-10', 5, true),
(45, '2025-03-10', 14, true),
(46, '2025-03-10', 9, true),
(47, '2025-03-10', 10, true),
(48, '2025-03-10', 1, true),
(49, '2025-03-11', 4, true),
(50, '2025-03-11', 10, true),
(51, '2025-03-11', 12, true),
(52, '2025-03-11', 4, true),
(53, '2025-03-11', 3, true),
(54, '2025-03-11', 2, true),
(55, '2025-03-11', 2, true),
(56, '2025-03-11', 8, true),
(57, '2025-03-11', 2, true),
(58, '2025-03-11', 11, true),
(59, '2025-03-11', 13, true),
(60, '2025-03-11', 6, true),
(61, '2025-03-12', 10, true),
(62, '2025-03-12', 5, true),
(63, '2025-03-12', 8, true),
(64, '2025-03-12', 7, true),
(65, '2025-03-12', 4, true),
(66, '2025-03-12', 8, true),
(67, '2025-03-12', 9, true),
(68, '2025-03-12', 8, true),
(69, '2025-03-12', 4, true),
(70, '2025-03-13', 13, true),
(71, '2025-03-13', 1, true),
(72, '2025-03-13', 15, true),
(73, '2025-03-13', 11, true),
(74, '2025-03-13', 9, true),
(75, '2025-03-13', 2, true),
(76, '2025-03-13', 4, true),
(77, '2025-03-13', 4, true),
(78, '2025-03-13', 9, true),
(79, '2025-03-13', 12, true),
(80, '2025-03-13', 14, true),
(81, '2025-03-13', 2, true),
(82, '2025-03-13', 2, true),
(83, '2025-03-13', 6, true),
(84, '2025-03-13', 11, true),
(85, '2025-03-13', 6, true),
(86, '2025-03-14', 6, true),
(87, '2025-03-14', 10, true),
(88, '2025-03-14', 7, true),
(89, '2025-03-14', 12, true),
(90, '2025-03-14', 3, true),
(91, '2025-03-14', 3, true),
(92, '2025-03-14', 15, true),
(93, '2025-03-14', 5, true),
(94, '2025-03-14', 2, true),
(95, '2025-03-15', 7, true),
(96, '2025-03-15', 6, true),
(97, '2025-03-15', 11, true),
(98, '2025-03-16', 2, true),
(99, '2025-03-16', 1, true),
(100, '2025-03-16', 5, true),
(101, '2025-03-16', 15, true),
(102, '2025-03-17', 7, true),
(103, '2025-03-17', 2, true),
(104, '2025-03-17', 3, true),
(105, '2025-03-17', 7, true),
(106, '2025-03-17', 12, true),
(107, '2025-03-17', 11, true),
(108, '2025-03-17', 13, true),
(109, '2025-03-17', 14, true),
(110, '2025-03-18', 2, true),
(111, '2025-03-18', 3, true),
(112, '2025-03-18', 11, true),
(113, '2025-03-18', 11, true),
(114, '2025-03-18', 12, true),
(115, '2025-03-18', 7, true),
(116, '2025-03-18', 8, true),
(117, '2025-03-18', 6, true),
(118, '2025-03-18', 10, true),
(119, '2025-03-18', 10, true),
(120, '2025-03-18', 6, true),
(121, '2025-03-18', 6, true),
(122, '2025-03-18', 1, true),
(123, '2025-03-18', 2, true),
(124, '2025-03-18', 5, true),
(125, '2025-03-18', 8, true),
(126, '2025-03-18', 7, true),
(127, '2025-03-19', 9, true),
(128, '2025-03-19', 3, true),
(129, '2025-03-19', 1, true),
(130, '2025-03-19', 12, true),
(131, '2025-03-19', 13, true),
(132, '2025-03-19', 14, true),
(133, '2025-03-19', 7, true),
(134, '2025-03-19', 11, true),
(135, '2025-03-19', 9, true),
(136, '2025-03-19', 4, true),
(137, '2025-03-19', 15, true),
(138, '2025-03-20', 5, true),
(139, '2025-03-20', 13, true),
(140, '2025-03-20', 8, true),
(141, '2025-03-20', 10, true),
(142, '2025-03-20', 1, true),
(143, '2025-03-20', 9, true),
(144, '2025-03-21', 1, true),
(145, '2025-03-21', 9, true),
(146, '2025-03-21', 2, true),
(147, '2025-03-21', 13, true),
(148, '2025-03-21', 1, true),
(149, '2025-03-21', 11, true),
(150, '2025-03-21', 15, true),
(151, '2025-03-21', 3, true),
(152, '2025-03-21', 2, true),
(153, '2025-03-21', 4, true),
(154, '2025-03-21', 7, true),
(155, '2025-03-21', 5, true),
(156, '2025-03-21', 10, true),
(157, '2025-03-21', 15, true),
(158, '2025-03-21', 5, true),
(159, '2025-03-21', 15, true),
(160, '2025-03-22', 5, true),
(161, '2025-03-22', 12, true),
(162, '2025-03-22', 6, true),
(163, '2025-03-22', 10, true),
(164, '2025-03-22', 4, true),
(165, '2025-03-22', 8, true),
(166, '2025-03-22', 5, true),
(167, '2025-03-22', 2, true),
(168, '2025-03-23', 9, true),
(169, '2025-03-23', 5, true),
(170, '2025-03-23', 8, true),
(171, '2025-03-23', 9, true),
(172, '2025-03-23', 14, true),
(173, '2025-03-23', 2, true),
(174, '2025-03-23', 11, true),
(175, '2025-03-23', 10, true),
(176, '2025-03-23', 11, true),
(177, '2025-03-23', 10, true),
(178, '2025-03-23', 10, true),
(179, '2025-03-23', 10, true),
(180, '2025-03-23', 12, true),
(181, '2025-03-23', 3, true),
(182, '2025-03-23', 7, true),
(183, '2025-03-24', 14, true),
(184, '2025-03-24', 10, true),
(185, '2025-03-24', 7, true),
(186, '2025-03-24', 1, true),
(187, '2025-03-24', 2, true),
(188, '2025-03-24', 5, true),
(189, '2025-03-24', 5, true),
(190, '2025-03-24', 2, true),
(191, '2025-03-24', 14, true),
(192, '2025-03-24', 5, true),
(193, '2025-03-25', 2, true),
(194, '2025-03-25', 10, true),
(195, '2025-03-25', 10, true),
(196, '2025-03-25', 3, true),
(197, '2025-03-25', 6, true),
(198, '2025-03-25', 5, true),
(199, '2025-03-25', 6, true),
(200, '2025-03-25', 8, true),
(201, '2025-03-25', 15, true),
(202, '2025-03-25', 1, true),
(203, '2025-03-25', 5, true),
(204, '2025-03-25', 2, true),
(205, '2025-03-25', 4, true),
(206, '2025-03-25', 8, true),
(207, '2025-03-25', 14, true),
(208, '2025-03-26', 6, true),
(209, '2025-03-26', 5, true),
(210, '2025-03-26', 9, true),
(211, '2025-03-26', 10, true),
(212, '2025-03-26', 14, true),
(213, '2025-03-26', 10, true),
(214, '2025-03-26', 13, true),
(215, '2025-03-26', 5, true),
(216, '2025-03-26', 9, true),
(217, '2025-03-26', 5, true),
(218, '2025-03-26', 10, true),
(219, '2025-03-27', 14, true),
(220, '2025-03-27', 1, true),
(221, '2025-03-27', 9, true),
(222, '2025-03-27', 9, true),
(223, '2025-03-27', 6, true),
(224, '2025-03-27', 14, true),
(225, '2025-03-27', 9, true),
(226, '2025-03-27', 4, true),
(227, '2025-03-27', 9, true),
(228, '2025-03-27', 15, true),
(229, '2025-03-27', 11, true),
(230, '2025-03-27', 3, true),
(231, '2025-03-28', 14, true),
(232, '2025-03-28', 14, true),
(233, '2025-03-28', 8, true),
(234, '2025-03-28', 4, true),
(235, '2025-03-29', 15, true),
(236, '2025-03-29', 9, true),
(237, '2025-03-29', 14, true),
(238, '2025-03-29', 7, true),
(239, '2025-03-29', 4, true),
(240, '2025-03-29', 9, true),
(241, '2025-03-29', 14, true),
(242, '2025-03-30', 2, true),
(243, '2025-03-30', 9, true),
(244, '2025-03-30', 3, true),
(245, '2025-03-30', 3, true),
(246, '2025-03-30', 6, true),
(247, '2025-03-30', 2, true),
(248, '2025-03-30', 11, true),
(249, '2025-03-30', 10, true),
(250, '2025-03-30', 6, true),
(251, '2025-03-30', 12, true),
(252, '2025-03-30', 8, true),
(253, '2025-03-30', 14, true),
(254, '2025-03-30', 2, true),
(255, '2025-03-30', 12, true),
(256, '2025-03-31', 2, true),
(257, '2025-03-31', 1, true),
(258, '2025-03-31', 14, true),
(259, '2025-03-31', 6, true),
(260, '2025-03-31', 7, true),
(261, '2025-04-01', 6, true),
(262, '2025-04-01', 13, true),
(263, '2025-04-01', 13, true),
(264, '2025-04-01', 5, true),
(265, '2025-04-01', 6, true),
(266, '2025-04-01', 9, true),
(267, '2025-04-01', 5, true),
(268, '2025-04-01', 5, true),
(269, '2025-04-01', 12, true),
(270, '2025-04-01', 7, true),
(271, '2025-04-01', 15, true),
(272, '2025-04-01', 15, true),
(273, '2025-04-01', 15, true),
(274, '2025-04-01', 13, true),
(275, '2025-04-01', 15, true),
(276, '2025-04-01', 12, true),
(277, '2025-04-01', 9, true),
(278, '2025-04-01', 12, true),
(279, '2025-04-02', 11, true),
(280, '2025-04-02', 4, true),
(281, '2025-04-02', 4, true),
(282, '2025-04-02', 11, true),
(283, '2025-04-02', 6, true),
(284, '2025-04-02', 12, true),
(285, '2025-04-02', 15, true),
(286, '2025-04-02', 2, true),
(287, '2025-04-02', 7, true),
(288, '2025-04-02', 7, true),
(289, '2025-04-02', 2, true),
(290, '2025-04-02', 5, true),
(291, '2025-04-02', 1, true),
(292, '2025-04-02', 11, true),
(293, '2025-04-02', 5, true),
(294, '2025-04-03', 3, true),
(295, '2025-04-03', 15, true),
(296, '2025-04-03', 3, true),
(297, '2025-04-03', 1, true),
(298, '2025-04-03', 14, true),
(299, '2025-04-03', 12, true),
(300, '2025-04-03', 12, true),
(301, '2025-04-03', 9, true),
(302, '2025-04-03', 13, true),
(303, '2025-04-03', 3, true),
(304, '2025-04-03', 9, true),
(305, '2025-04-03', 11, true),
(306, '2025-04-03', 4, true),
(307, '2025-04-03', 3, true),
(308, '2025-04-03', 15, true),
(309, '2025-04-03', 15, true),
(310, '2025-04-03', 14, true),
(311, '2025-04-03', 4, true),
(312, '2025-04-03', 2, true),
(313, '2025-04-04', 13, true),
(314, '2025-04-04', 10, true),
(315, '2025-04-04', 13, true),
(316, '2025-04-04', 9, true),
(317, '2025-04-04', 2, true),
(318, '2025-04-04', 2, true),
(319, '2025-04-04', 13, true),
(320, '2025-04-04', 6, true),
(321, '2025-04-04', 12, true),
(322, '2025-04-04', 9, true),
(323, '2025-04-04', 7, true),
(324, '2025-04-04', 5, true),
(325, '2025-04-04', 9, true),
(326, '2025-04-04', 13, true),
(327, '2025-04-04', 7, true),
(328, '2025-04-04', 9, true),
(329, '2025-04-05', 8, true),
(330, '2025-04-05', 12, true),
(331, '2025-04-05', 7, true),
(332, '2025-04-05', 6, true),
(333, '2025-04-05', 14, true),
(334, '2025-04-05', 12, true),
(335, '2025-04-05', 15, true),
(336, '2025-04-05', 10, true),
(337, '2025-04-05', 10, true),
(338, '2025-04-05', 5, true),
(339, '2025-04-05', 1, true),
(340, '2025-04-05', 9, true),
(341, '2025-04-05', 8, true),
(342, '2025-04-05', 3, true),
(343, '2025-04-05', 2, true),
(344, '2025-04-05', 4, true),
(345, '2025-04-05', 15, true),
(346, '2025-04-05', 5, true),
(347, '2025-04-06', 1, true),
(348, '2025-04-06', 2, true),
(349, '2025-04-06', 1, true),
(350, '2025-04-06', 14, true),
(351, '2025-04-06', 8, true),
(352, '2025-04-06', 8, true),
(353, '2025-04-06', 3, true),
(354, '2025-04-06', 13, true),
(355, '2025-04-06', 10, true),
(356, '2025-04-06', 15, true),
(357, '2025-04-06', 15, true),
(358, '2025-04-06', 15, true),
(359, '2025-04-06', 3, true),
(360, '2025-04-07', 1, true),
(361, '2025-04-07', 12, true),
(362, '2025-04-07', 12, true),
(363, '2025-04-07', 15, true),
(364, '2025-04-07', 5, true),
(365, '2025-04-08', 11, true),
(366, '2025-04-08', 3, true),
(367, '2025-04-08', 6, true),
(368, '2025-04-08', 9, true),
(369, '2025-04-08', 12, true),
(370, '2025-04-08', 9, true),
(371, '2025-04-08', 8, true),
(372, '2025-04-08', 6, true),
(373, '2025-04-08', 3, true),
(374, '2025-04-08', 1, true),
(375, '2025-04-08', 7, true),
(376, '2025-04-08', 14, true),
(377, '2025-04-08', 15, true),
(378, '2025-04-08', 13, true),
(379, '2025-04-08', 10, true),
(380, '2025-04-08', 10, true),
(381, '2025-04-08', 12, true),
(382, '2025-04-08', 9, true),
(383, '2025-04-08', 7, true),
(384, '2025-04-10', 3, true),
(385, '2025-04-10', 6, true),
(386, '2025-04-10', 7, true),
(387, '2025-04-10', 2, true),
(388, '2025-04-10', 1, true),
(389, '2025-04-10', 6, true),
(390, '2025-04-10', 7, true),
(391, '2025-04-10', 8, true),
(392, '2025-04-10', 6, true),
(393, '2025-04-10', 4, true),
(394, '2025-04-10', 7, true),
(395, '2025-04-10', 8, true),
(396, '2025-04-10', 13, true),
(397, '2025-04-10', 2, true),
(398, '2025-04-10', 14, true),
(399, '2025-04-10', 6, true),
(400, '2025-04-11', 14, true),
(401, '2025-04-11', 2, true),
(402, '2025-04-11', 10, true),
(403, '2025-04-11', 7, true),
(404, '2025-04-11', 3, true),
(405, '2025-04-11', 13, true),
(406, '2025-04-11', 9, true),
(407, '2025-04-11', 15, true),
(408, '2025-04-11', 11, true),
(409, '2025-04-11', 14, true),
(410, '2025-04-11', 3, true),
(411, '2025-04-11', 12, true),
(412, '2025-04-11', 7, true),
(413, '2025-04-11', 7, true),
(414, '2025-04-11', 4, true),
(415, '2025-04-11', 2, true),
(416, '2025-04-11', 8, true),
(417, '2025-04-12', 11, true),
(418, '2025-04-12', 12, true),
(419, '2025-04-12', 12, true),
(420, '2025-04-12', 7, true),
(421, '2025-04-12', 13, true),
(422, '2025-04-12', 7, true),
(423, '2025-04-12', 9, true),
(424, '2025-04-13', 14, true),
(425, '2025-04-13', 12, true),
(426, '2025-04-13', 10, true),
(427, '2025-04-13', 9, true),
(428, '2025-04-13', 12, true),
(429, '2025-04-13', 10, true),
(430, '2025-04-13', 1, true),
(431, '2025-04-14', 5, true),
(432, '2025-04-14', 7, true),
(433, '2025-04-14', 14, true),
(434, '2025-04-14', 2, true),
(435, '2025-04-14', 12, true),
(436, '2025-04-14', 1, true),
(437, '2025-04-14', 7, true),
(438, '2025-04-14', 2, true),
(439, '2025-04-14', 8, true),
(440, '2025-04-15', 8, true),
(441, '2025-04-15', 4, true),
(442, '2025-04-15', 5, true),
(443, '2025-04-15', 13, true),
(444, '2025-04-15', 13, true),
(445, '2025-04-15', 9, true),
(446, '2025-04-15', 9, true),
(447, '2025-04-15', 9, true),
(448, '2025-04-15', 1, true),
(449, '2025-04-15', 4, true),
(450, '2025-04-15', 1, true),
(451, '2025-04-15', 12, true),
(452, '2025-04-15', 12, true),
(453, '2025-04-15', 5, true),
(454, '2025-04-16', 6, true),
(455, '2025-04-16', 3, true),
(456, '2025-04-16', 14, true),
(457, '2025-04-16', 2, true),
(458, '2025-04-16', 7, true),
(459, '2025-04-16', 6, true),
(460, '2025-04-16', 5, true),
(461, '2025-04-16', 5, true),
(462, '2025-04-16', 13, true),
(463, '2025-04-16', 10, true),
(464, '2025-04-16', 15, true),
(465, '2025-04-16', 12, true),
(466, '2025-04-16', 9, true),
(467, '2025-04-16', 11, true),
(468, '2025-04-16', 15, true),
(469, '2025-04-16', 6, true),
(470, '2025-04-16', 2, true),
(471, '2025-04-16', 15, true),
(472, '2025-04-16', 2, true),
(473, '2025-04-17', 11, true),
(474, '2025-04-17', 3, true),
(475, '2025-04-17', 5, true),
(476, '2025-04-17', 7, true),
(477, '2025-04-17', 4, true),
(478, '2025-04-17', 7, true),
(479, '2025-04-17', 1, true),
(480, '2025-04-17', 2, true),
(481, '2025-04-17', 14, true),
(482, '2025-04-17', 8, true),
(483, '2025-04-17', 8, true),
(484, '2025-04-17', 4, true),
(485, '2025-04-18', 2, true),
(486, '2025-04-18', 13, true),
(487, '2025-04-18', 3, true),
(488, '2025-04-18', 14, true),
(489, '2025-04-18', 12, true),
(490, '2025-04-18', 11, true),
(491, '2025-04-18', 5, true),
(492, '2025-04-20', 11, true),
(493, '2025-04-20', 9, true),
(494, '2025-04-20', 3, true),
(495, '2025-04-20', 4, true),
(496, '2025-04-20', 15, true),
(497, '2025-04-20', 5, true),
(498, '2025-04-20', 3, true),
(499, '2025-04-20', 1, true),
(500, '2025-04-20', 15, true),
(501, '2025-04-20', 4, true),
(502, '2025-04-20', 9, true),
(503, '2025-04-20', 2, true),
(504, '2025-04-20', 14, true),
(505, '2025-04-20', 10, true),
(506, '2025-04-20', 11, true),
(507, '2025-04-20', 2, true),
(508, '2025-04-21', 14, true),
(509, '2025-04-21', 15, true),
(510, '2025-04-21', 10, true),
(511, '2025-04-21', 8, true),
(512, '2025-04-21', 14, true),
(513, '2025-04-23', 2, true),
(514, '2025-04-23', 10, true),
(515, '2025-04-23', 1, true),
(516, '2025-04-23', 13, true),
(517, '2025-04-23', 15, true),
(518, '2025-04-23', 13, true),
(519, '2025-04-23', 4, true),
(520, '2025-04-23', 9, true),
(521, '2025-04-23', 1, true),
(522, '2025-04-23', 12, true),
(523, '2025-04-23', 4, true),
(524, '2025-04-23', 14, true),
(525, '2025-04-23', 8, true),
(526, '2025-04-23', 7, true),
(527, '2025-04-23', 2, true),
(528, '2025-04-23', 7, true),
(529, '2025-04-23', 10, true),
(530, '2025-04-24', 5, true),
(531, '2025-04-24', 11, true),
(532, '2025-04-24', 3, true),
(533, '2025-04-24', 14, true),
(534, '2025-04-24', 2, true),
(535, '2025-04-24', 11, true),
(536, '2025-04-24', 14, true),
(537, '2025-04-24', 12, true),
(538, '2025-04-24', 4, true),
(539, '2025-04-24', 2, true),
(540, '2025-04-24', 11, true),
(541, '2025-04-24', 3, true),
(542, '2025-04-24', 15, true),
(543, '2025-04-24', 15, true),
(544, '2025-04-24', 1, true),
(545, '2025-04-24', 13, true),
(546, '2025-04-26', 3, true),
(547, '2025-04-26', 3, true),
(548, '2025-04-26', 14, true),
(549, '2025-04-26', 12, true),
(550, '2025-04-26', 9, true),
(551, '2025-04-26', 8, true),
(552, '2025-04-26', 14, true),
(553, '2025-04-26', 5, true),
(554, '2025-04-26', 5, true),
(555, '2025-04-26', 7, true),
(556, '2025-04-26', 5, true),
(557, '2025-04-26', 12, true),
(558, '2025-04-26', 7, true),
(559, '2025-04-27', 7, true),
(560, '2025-04-27', 10, true),
(561, '2025-04-27', 8, true),
(562, '2025-04-27', 12, true),
(563, '2025-04-27', 12, true),
(564, '2025-04-27', 7, true),
(565, '2025-04-27', 11, true),
(566, '2025-04-27', 5, true),
(567, '2025-04-27', 2, true),
(568, '2025-04-27', 4, true),
(569, '2025-04-27', 11, true),
(570, '2025-04-27', 4, true),
(571, '2025-04-27', 14, true),
(572, '2025-04-27', 12, true),
(573, '2025-04-27', 1, true),
(574, '2025-04-27', 1, true),
(575, '2025-04-27', 15, true),
(576, '2025-04-28', 7, true),
(577, '2025-04-28', 14, true),
(578, '2025-04-28', 7, true),
(579, '2025-04-28', 5, true),
(580, '2025-04-28', 5, true),
(581, '2025-04-28', 4, true),
(582, '2025-04-28', 7, true),
(583, '2025-04-28', 7, true),
(584, '2025-04-28', 15, true),
(585, '2025-04-28', 7, true),
(586, '2025-04-28', 14, true),
(587, '2025-04-28', 8, true),
(588, '2025-04-28', 7, true),
(589, '2025-04-29', 1, true),
(590, '2025-04-30', 8, true),
(591, '2025-04-30', 9, true),
(592, '2025-04-30', 8, true),
(593, '2025-04-30', 8, true),
(594, '2025-04-30', 8, true),
(595, '2025-04-30', 5, true),
(596, '2025-04-30', 13, true),
(597, '2025-04-30', 5, true),
(598, '2025-04-30', 9, true),
(599, '2025-04-30', 6, true),
(600, '2025-04-30', 13, true),
(601, '2025-04-30', 13, true),
(602, '2025-04-30', 3, true),
(603, '2025-04-30', 14, true),
(604, '2025-04-30', 5, true),
(605, '2025-05-01', 6, true),
(606, '2025-05-01', 13, true),
(607, '2025-05-01', 11, true),
(608, '2025-05-01', 13, true),
(609, '2025-05-01', 4, true),
(610, '2025-05-01', 12, true),
(611, '2025-05-01', 8, true),
(612, '2025-05-01', 13, true),
(613, '2025-05-01', 8, true),
(614, '2025-05-01', 13, true),
(615, '2025-05-01', 4, true),
(616, '2025-05-01', 8, true),
(617, '2025-05-01', 4, true),
(618, '2025-05-01', 10, true),
(619, '2025-05-01', 7, true),
(620, '2025-05-01', 4, true),
(621, '2025-05-01', 6, true),
(622, '2025-05-01', 14, true),
(623, '2025-05-01', 7, true),
(624, '2025-05-02', 5, true),
(625, '2025-05-02', 14, true),
(626, '2025-05-02', 7, true),
(627, '2025-05-02', 9, true),
(628, '2025-05-02', 1, true),
(629, '2025-05-02', 6, true),
(630, '2025-05-02', 11, true),
(631, '2025-05-02', 4, true),
(632, '2025-05-02', 2, true),
(633, '2025-05-02', 1, true),
(634, '2025-05-02', 4, true),
(635, '2025-05-02', 3, true),
(636, '2025-05-03', 3, true),
(637, '2025-05-03', 1, true),
(638, '2025-05-03', 13, true),
(639, '2025-05-03', 8, true),
(640, '2025-05-03', 12, true),
(641, '2025-05-03', 2, true),
(642, '2025-05-03', 9, true),
(643, '2025-05-03', 9, true),
(644, '2025-05-03', 1, true),
(645, '2025-05-03', 2, true),
(646, '2025-05-03', 15, true),
(647, '2025-05-04', 6, true),
(648, '2025-05-05', 9, true),
(649, '2025-05-05', 10, true),
(650, '2025-05-05', 5, true),
(651, '2025-05-05', 11, true),
(652, '2025-05-05', 9, true),
(653, '2025-05-05', 4, true),
(654, '2025-05-05', 15, true),
(655, '2025-05-05', 10, true),
(656, '2025-05-05', 12, true),
(657, '2025-05-05', 12, true),
(658, '2025-05-05', 5, true),
(659, '2025-05-05', 6, true),
(660, '2025-05-05', 10, true),
(661, '2025-05-05', 12, true),
(662, '2025-05-05', 8, true),
(663, '2025-05-05', 13, true),
(664, '2025-05-05', 4, true),
(665, '2025-05-05', 14, true),
(666, '2025-05-07', 12, true),
(667, '2025-05-07', 9, true),
(668, '2025-05-07', 13, true),
(669, '2025-05-07', 1, true),
(670, '2025-05-07', 10, true),
(671, '2025-05-07', 13, true),
(672, '2025-05-07', 1, true),
(673, '2025-05-07', 6, true),
(674, '2025-05-08', 1, true),
(675, '2025-05-09', 1, true),
(676, '2025-05-09', 2, true),
(677, '2025-05-09', 11, true),
(678, '2025-05-09', 10, true),
(679, '2025-05-09', 15, true),
(680, '2025-05-10', 12, true),
(681, '2025-05-10', 10, true),
(682, '2025-05-10', 1, true),
(683, '2025-05-10', 8, true),
(684, '2025-05-10', 12, true),
(685, '2025-05-10', 13, true),
(686, '2025-05-10', 11, true),
(687, '2025-05-11', 5, true),
(688, '2025-05-11', 7, true),
(689, '2025-05-11', 14, true),
(690, '2025-05-11', 4, true),
(691, '2025-05-11', 4, true),
(692, '2025-05-11', 2, true),
(693, '2025-05-11', 6, true),
(694, '2025-05-11', 14, true),
(695, '2025-05-11', 7, true),
(696, '2025-05-11', 8, true),
(697, '2025-05-11', 5, true),
(698, '2025-05-11', 5, true),
(699, '2025-05-11', 3, true),
(700, '2025-05-11', 7, true),
(701, '2025-05-12', 11, true),
(702, '2025-05-12', 14, true),
(703, '2025-05-12', 14, true),
(704, '2025-05-12', 3, true),
(705, '2025-05-12', 6, true),
(706, '2025-05-12', 13, true),
(707, '2025-05-12', 11, true),
(708, '2025-05-12', 6, true),
(709, '2025-05-12', 14, true),
(710, '2025-05-12', 15, true),
(711, '2025-05-13', 5, true),
(712, '2025-05-13', 13, true),
(713, '2025-05-13', 9, true),
(714, '2025-05-13', 8, true),
(715, '2025-05-13', 8, true),
(716, '2025-05-13', 12, true),
(717, '2025-05-13', 13, true),
(718, '2025-05-13', 8, true),
(719, '2025-05-13', 2, true),
(720, '2025-05-13', 9, true),
(721, '2025-05-13', 15, true),
(722, '2025-05-15', 14, true),
(723, '2025-05-15', 13, true),
(724, '2025-05-15', 7, true),
(725, '2025-05-15', 12, true),
(726, '2025-05-15', 13, true),
(727, '2025-05-15', 3, true),
(728, '2025-05-15', 7, true),
(729, '2025-05-16', 12, true),
(730, '2025-05-16', 11, true),
(731, '2025-05-16', 13, true),
(732, '2025-05-16', 8, true),
(733, '2025-05-17', 15, true),
(734, '2025-05-17', 12, true),
(735, '2025-05-17', 12, true),
(736, '2025-05-17', 3, true),
(737, '2025-05-17', 13, true),
(738, '2025-05-17', 11, true),
(739, '2025-05-17', 13, true),
(740, '2025-05-17', 1, true),
(741, '2025-05-17', 15, true),
(742, '2025-05-17', 13, true),
(743, '2025-05-17', 10, true),
(744, '2025-05-17', 10, true),
(745, '2025-05-17', 12, true),
(746, '2025-05-17', 6, true),
(747, '2025-05-17', 15, true),
(748, '2025-05-17', 5, true),
(749, '2025-05-17', 8, true),
(750, '2025-05-17', 9, true),
(751, '2025-05-18', 2, true),
(752, '2025-05-18', 2, true),
(753, '2025-05-18', 1, true),
(754, '2025-05-18', 13, true),
(755, '2025-05-18', 7, true),
(756, '2025-05-18', 4, true),
(757, '2025-05-19', 4, true),
(758, '2025-05-19', 13, true),
(759, '2025-05-19', 6, true),
(760, '2025-05-20', 15, true),
(761, '2025-05-20', 3, true),
(762, '2025-05-20', 7, true),
(763, '2025-05-20', 3, true),
(764, '2025-05-20', 12, true),
(765, '2025-05-20', 8, true),
(766, '2025-05-20', 14, true),
(767, '2025-05-20', 8, true),
(768, '2025-05-20', 3, true),
(769, '2025-05-20', 15, true),
(770, '2025-05-20', 1, true),
(771, '2025-05-20', 4, true),
(772, '2025-05-20', 3, true),
(773, '2025-05-20', 8, true),
(774, '2025-05-20', 14, true),
(775, '2025-05-20', 7, true),
(776, '2025-05-20', 2, true),
(777, '2025-05-20', 14, true),
(778, '2025-05-21', 11, true),
(779, '2025-05-21', 4, true),
(780, '2025-05-21', 3, true),
(781, '2025-05-21', 1, true),
(782, '2025-05-21', 7, true),
(783, '2025-05-21', 15, true),
(784, '2025-05-21', 7, true),
(785, '2025-05-21', 15, true),
(786, '2025-05-21', 6, true),
(787, '2025-05-21', 11, true),
(788, '2025-05-22', 12, true),
(789, '2025-05-22', 12, true),
(790, '2025-05-22', 11, true),
(791, '2025-05-22', 11, true),
(792, '2025-05-22', 7, true),
(793, '2025-05-22', 3, true),
(794, '2025-05-22', 15, true),
(795, '2025-05-22', 3, true),
(796, '2025-05-22', 14, true),
(797, '2025-05-22', 5, true),
(798, '2025-05-22', 9, true),
(799, '2025-05-22', 1, true),
(800, '2025-05-22', 9, true),
(801, '2025-05-22', 4, true),
(802, '2025-05-22', 4, true),
(803, '2025-05-22', 9, true),
(804, '2025-05-22', 8, true),
(805, '2025-05-22', 14, true),
(806, '2025-05-23', 5, true),
(807, '2025-05-23', 5, true),
(808, '2025-05-23', 4, true),
(809, '2025-05-23', 7, true),
(810, '2025-05-23', 6, true),
(811, '2025-05-23', 7, true),
(812, '2025-05-23', 7, true),
(813, '2025-05-23', 9, true),
(814, '2025-05-23', 8, true),
(815, '2025-05-23', 12, true),
(816, '2025-05-23', 7, true),
(817, '2025-05-23', 14, true),
(818, '2025-05-23', 7, true),
(819, '2025-05-23', 12, true),
(820, '2025-05-23', 1, true),
(821, '2025-05-23', 8, true),
(822, '2025-05-23', 1, true),
(823, '2025-05-23', 1, true),
(824, '2025-05-24', 8, true),
(825, '2025-05-24', 10, true),
(826, '2025-05-24', 7, true),
(827, '2025-05-24', 13, true),
(828, '2025-05-24', 1, true),
(829, '2025-05-24', 15, true),
(830, '2025-05-24', 12, true),
(831, '2025-05-24', 6, true),
(832, '2025-05-24', 4, true),
(833, '2025-05-24', 8, true),
(834, '2025-05-24', 10, true),
(835, '2025-05-24', 6, true),
(836, '2025-05-24', 10, true),
(837, '2025-05-24', 6, true),
(838, '2025-05-24', 7, true),
(839, '2025-05-24', 12, true),
(840, '2025-05-24', 11, true),
(841, '2025-05-25', 14, true),
(842, '2025-05-25', 15, true),
(843, '2025-05-25', 15, true),
(844, '2025-05-25', 10, true),
(845, '2025-05-25', 1, true),
(846, '2025-05-25', 2, true),
(847, '2025-05-25', 9, true),
(848, '2025-05-25', 6, true),
(849, '2025-05-25', 2, true),
(850, '2025-05-26', 6, true),
(851, '2025-05-27', 7, true),
(852, '2025-05-27', 2, true),
(853, '2025-05-27', 1, true),
(854, '2025-05-27', 14, true),
(855, '2025-05-27', 1, true),
(856, '2025-05-27', 11, true),
(857, '2025-05-27', 9, true),
(858, '2025-05-27', 5, true),
(859, '2025-05-27', 6, true),
(860, '2025-05-27', 12, true),
(861, '2025-05-27', 12, true),
(862, '2025-05-27', 11, true),
(863, '2025-05-28', 3, true),
(864, '2025-05-28', 4, true),
(865, '2025-05-28', 11, true),
(866, '2025-05-28', 4, true),
(867, '2025-05-28', 11, true),
(868, '2025-05-28', 11, true),
(869, '2025-05-28', 3, true),
(870, '2025-05-28', 15, true),
(871, '2025-05-28', 14, true),
(872, '2025-05-28', 3, true),
(873, '2025-05-28', 14, true),
(874, '2025-05-28', 1, true),
(875, '2025-05-28', 14, true),
(876, '2025-05-29', 14, true),
(877, '2025-05-29', 5, true),
(878, '2025-05-29', 6, true),
(879, '2025-05-29', 12, true),
(880, '2025-05-29', 8, true),
(881, '2025-05-29', 13, true),
(882, '2025-05-29', 15, true),
(883, '2025-05-29', 10, true),
(884, '2025-05-29', 1, true),
(885, '2025-05-29', 14, true),
(886, '2025-05-29', 8, true),
(887, '2025-05-30', 10, true),
(888, '2025-05-30', 2, true),
(889, '2025-05-30', 6, true),
(890, '2025-05-30', 5, true),
(891, '2025-05-30', 10, true),
(892, '2025-05-30', 2, true),
(893, '2025-05-30', 8, true),
(894, '2025-05-31', 9, true),
(895, '2025-05-31', 5, true),
(896, '2025-05-31', 2, true),
(897, '2025-05-31', 1, true),
(898, '2025-05-31', 3, true),
(899, '2025-05-31', 13, true),
(900, '2025-05-31', 3, true),
(901, '2025-05-31', 14, true),
(902, '2025-05-31', 8, true),
(903, '2025-06-01', 13, true),
(904, '2025-06-01', 6, true),
(905, '2025-06-01', 14, true),
(906, '2025-06-01', 7, true),
(907, '2025-06-01', 15, true),
(908, '2025-06-01', 11, true),
(909, '2025-06-01', 9, true),
(910, '2025-06-01', 5, true),
(911, '2025-06-01', 1, true),
(912, '2025-06-01', 15, true),
(913, '2025-06-01', 2, true),
(914, '2025-06-02', 10, true),
(915, '2025-06-02', 1, true),
(916, '2025-06-03', 3, true),
(917, '2025-06-04', 11, true),
(918, '2025-06-04', 5, true),
(919, '2025-06-04', 2, true),
(920, '2025-06-04', 2, true),
(921, '2025-06-04', 2, true),
(922, '2025-06-04', 2, true),
(923, '2025-06-04', 7, true),
(924, '2025-06-04', 4, true),
(925, '2025-06-04', 12, true),
(926, '2025-06-04', 3, true),
(927, '2025-06-05', 8, true),
(928, '2025-06-05', 7, true),
(929, '2025-06-05', 1, true),
(930, '2025-06-05', 11, true),
(931, '2025-06-05', 4, true),
(932, '2025-06-05', 15, true),
(933, '2025-06-05', 1, true),
(934, '2025-06-05', 15, true),
(935, '2025-06-05', 8, true),
(936, '2025-06-05', 6, true),
(937, '2025-06-05', 9, true),
(938, '2025-06-05', 8, true),
(939, '2025-06-05', 13, true),
(940, '2025-06-05', 6, true),
(941, '2025-06-07', 2, true),
(942, '2025-06-07', 5, true),
(943, '2025-06-07', 2, true),
(944, '2025-06-07', 13, true),
(945, '2025-06-07', 13, true),
(946, '2025-06-07', 10, true),
(947, '2025-06-07', 2, true),
(948, '2025-06-07', 5, true),
(949, '2025-06-07', 14, true),
(950, '2025-06-07', 12, true),
(951, '2025-06-07', 8, true),
(952, '2025-06-07', 3, true),
(953, '2025-06-07', 12, true),
(954, '2025-06-07', 6, true),
(955, '2025-06-07', 8, true),
(956, '2025-06-07', 12, true),
(957, '2025-06-07', 9, true),
(958, '2025-06-07', 8, true),
(959, '2025-06-08', 6, true),
(960, '2025-06-08', 14, true),
(961, '2025-06-09', 11, true),
(962, '2025-06-09', 11, true),
(963, '2025-06-09', 10, true),
(964, '2025-06-09', 11, true),
(965, '2025-06-09', 15, true),
(966, '2025-06-09', 8, true),
(967, '2025-06-09', 10, true),
(968, '2025-06-09', 2, true),
(969, '2025-06-09', 8, true),
(970, '2025-06-09', 8, true),
(971, '2025-06-09', 8, true),
(972, '2025-06-09', 6, true),
(973, '2025-06-09', 9, true),
(974, '2025-06-10', 11, true),
(975, '2025-06-10', 7, true),
(976, '2025-06-10', 7, true),
(977, '2025-06-10', 15, true),
(978, '2025-06-10', 11, true),
(979, '2025-06-10', 2, true),
(980, '2025-06-10', 2, true),
(981, '2025-06-10', 1, true),
(982, '2025-06-10', 14, true),
(983, '2025-06-11', 6, true),
(984, '2025-06-11', 1, true),
(985, '2025-06-11', 1, true),
(986, '2025-06-11', 5, true),
(987, '2025-06-11', 3, true),
(988, '2025-06-11', 12, true),
(989, '2025-06-11', 9, true),
(990, '2025-06-11', 1, true),
(991, '2025-06-11', 1, true),
(992, '2025-06-11', 12, true),
(993, '2025-06-11', 13, true),
(994, '2025-06-11', 14, true),
(995, '2025-06-11', 5, true),
(996, '2025-06-11', 15, true),
(997, '2025-06-12', 6, true),
(998, '2025-06-12', 1, true),
(999, '2025-06-12', 7, true),
(1000, '2025-06-12', 7, true),
(1001, '2025-06-12', 13, true),
(1002, '2025-06-12', 11, true),
(1003, '2025-06-12', 5, true),
(1004, '2025-06-12', 3, true),
(1005, '2025-06-12', 13, true),
(1006, '2025-06-12', 2, true),
(1007, '2025-06-12', 9, true),
(1008, '2025-06-12', 2, true),
(1009, '2025-06-12', 12, true),
(1010, '2025-06-12', 5, true),
(1011, '2025-06-13', 4, true),
(1012, '2025-06-13', 9, true),
(1013, '2025-06-14', 13, true),
(1014, '2025-06-14', 14, true),
(1015, '2025-06-14', 11, true),
(1016, '2025-06-14', 6, true),
(1017, '2025-06-14', 12, true),
(1018, '2025-06-14', 14, true),
(1019, '2025-06-14', 15, true),
(1020, '2025-06-14', 6, true),
(1021, '2025-06-14', 9, true),
(1022, '2025-06-14', 4, true),
(1023, '2025-06-14', 10, true),
(1024, '2025-06-14', 14, true),
(1025, '2025-06-14', 14, true),
(1026, '2025-06-14', 6, true),
(1027, '2025-06-14', 5, true),
(1028, '2025-06-14', 2, true),
(1029, '2025-06-14', 6, true),
(1030, '2025-06-14', 8, true),
(1031, '2025-06-14', 12, true),
(1032, '2025-06-15', 2, true),
(1033, '2025-06-15', 2, true),
(1034, '2025-06-15', 9, true),
(1035, '2025-06-15', 11, true),
(1036, '2025-06-15', 5, true),
(1037, '2025-06-15', 6, true),
(1038, '2025-06-15', 2, true),
(1039, '2025-06-16', 9, true),
(1040, '2025-06-16', 13, false),
(1041, '2025-06-16', 7, false),
(1042, '2025-06-16', 1, false),
(1043, '2025-06-16', 4, false),
(1044, '2025-06-16', 3, false);

insert into pizza (codigo, comanda, tamanho, borda) values
(1, 1, 'P', null),
(2, 1, 'M', null),
(3, 2, 'G', null),
(4, 2, 'F', 4),
(5, 3, 'F', null),
(6, 3, 'F', null),
(7, 4, 'P', null),
(8, 4, 'M', 4),
(9, 4, 'P', null),
(10, 5, 'M', null),
(11, 5, 'M', null),
(12, 5, 'G', 5),
(13, 6, 'P', null),
(14, 7, 'M', null),
(15, 8, 'G', 5),
(16, 8, 'P', null),
(17, 9, 'G', 2),
(18, 10, 'P', null),
(19, 10, 'M', 2),
(20, 11, 'G', 5),
(21, 11, 'M', 3),
(22, 11, 'P', 3),
(23, 12, 'G', 5),
(24, 12, 'M', null),
(25, 13, 'M', null),
(26, 13, 'P', 4),
(27, 13, 'M', null),
(28, 14, 'P', null),
(29, 14, 'F', null),
(30, 14, 'F', null),
(31, 15, 'M', 4),
(32, 15, 'G', null),
(33, 16, 'F', null),
(34, 16, 'G', null),
(35, 16, 'P', null),
(36, 17, 'P', null),
(37, 18, 'P', 3),
(38, 18, 'P', null),
(39, 19, 'F', 4),
(40, 19, 'F', null),
(41, 19, 'M', null),
(42, 20, 'P', null),
(43, 20, 'F', 1),
(44, 21, 'G', null),
(45, 21, 'F', null),
(46, 21, 'P', 5),
(47, 22, 'G', null),
(48, 23, 'G', null),
(49, 23, 'P', null),
(50, 23, 'M', null),
(51, 24, 'G', null),
(52, 24, 'G', 4),
(53, 25, 'F', 3),
(54, 26, 'F', 2),
(55, 26, 'F', null),
(56, 26, 'M', null),
(57, 27, 'G', null),
(58, 28, 'G', null),
(59, 28, 'M', 1),
(60, 28, 'P', null),
(61, 29, 'F', 2),
(62, 29, 'F', null),
(63, 29, 'M', 5),
(64, 30, 'F', null),
(65, 30, 'M', null),
(66, 31, 'F', 4),
(67, 32, 'G', null),
(68, 32, 'G', null),
(69, 32, 'M', 3),
(70, 33, 'G', null),
(71, 34, 'F', 4),
(72, 34, 'M', null),
(73, 35, 'P', null),
(74, 36, 'M', null),
(75, 36, 'M', 1),
(76, 36, 'F', 1),
(77, 37, 'F', null),
(78, 38, 'P', null),
(79, 38, 'M', null),
(80, 39, 'F', null),
(81, 39, 'G', null),
(82, 40, 'G', null),
(83, 40, 'F', null),
(84, 41, 'G', null),
(85, 41, 'F', 4),
(86, 41, 'G', null),
(87, 42, 'G', 2),
(88, 42, 'G', 5),
(89, 43, 'M', 4),
(90, 44, 'F', null),
(91, 45, 'F', 3),
(92, 45, 'P', null),
(93, 46, 'P', null),
(94, 46, 'G', 5),
(95, 46, 'M', null),
(96, 47, 'M', 3),
(97, 48, 'M', 5),
(98, 49, 'M', null),
(99, 50, 'M', null),
(100, 51, 'P', 1),
(101, 51, 'G', 2),
(102, 52, 'F', null),
(103, 53, 'F', 1),
(104, 53, 'P', null),
(105, 53, 'F', null),
(106, 54, 'G', 4),
(107, 54, 'G', 5),
(108, 54, 'G', 1),
(109, 55, 'P', 4),
(110, 55, 'M', null),
(111, 55, 'P', null),
(112, 56, 'P', null),
(113, 57, 'M', 5),
(114, 58, 'M', 3),
(115, 58, 'P', 3),
(116, 59, 'F', null),
(117, 60, 'F', null),
(118, 60, 'F', null),
(119, 61, 'M', null),
(120, 62, 'F', 5),
(121, 62, 'M', null),
(122, 63, 'M', 2),
(123, 63, 'P', 5),
(124, 64, 'G', 4),
(125, 65, 'P', null),
(126, 65, 'P', 1),
(127, 66, 'F', null),
(128, 67, 'G', null),
(129, 67, 'F', null),
(130, 67, 'P', 4),
(131, 68, 'M', null),
(132, 68, 'F', null),
(133, 68, 'P', null),
(134, 69, 'M', null),
(135, 69, 'P', 1),
(136, 70, 'F', null),
(137, 71, 'P', 5),
(138, 71, 'F', null),
(139, 71, 'G', 1),
(140, 72, 'P', 2),
(141, 73, 'M', 1),
(142, 73, 'G', null),
(143, 74, 'M', 2),
(144, 74, 'M', null),
(145, 74, 'M', 5),
(146, 75, 'P', 1),
(147, 75, 'G', 5),
(148, 75, 'P', null),
(149, 76, 'G', 3),
(150, 76, 'F', 4),
(151, 76, 'G', 5),
(152, 77, 'M', null),
(153, 78, 'F', null),
(154, 78, 'M', 1),
(155, 78, 'P', null),
(156, 79, 'M', null),
(157, 79, 'P', 3),
(158, 79, 'F', null),
(159, 80, 'G', 4),
(160, 80, 'P', null),
(161, 80, 'F', 2),
(162, 81, 'G', 4),
(163, 82, 'M', null),
(164, 83, 'F', 5),
(165, 83, 'F', 1),
(166, 84, 'P', 5),
(167, 85, 'M', 1),
(168, 86, 'F', null),
(169, 86, 'P', 3),
(170, 86, 'M', 2),
(171, 87, 'F', 5),
(172, 87, 'M', null),
(173, 88, 'M', 4),
(174, 88, 'P', 2),
(175, 89, 'P', 1),
(176, 89, 'P', 3),
(177, 90, 'M', null),
(178, 91, 'M', null),
(179, 91, 'P', 3),
(180, 92, 'F', 1),
(181, 93, 'M', 1),
(182, 93, 'F', null),
(183, 93, 'M', null),
(184, 94, 'F', 5),
(185, 94, 'P', 3),
(186, 95, 'M', 3),
(187, 95, 'P', null),
(188, 96, 'F', 2),
(189, 96, 'P', 2),
(190, 97, 'P', null),
(191, 98, 'G', 2),
(192, 98, 'M', null),
(193, 99, 'F', 3),
(194, 99, 'P', 2),
(195, 99, 'G', null),
(196, 100, 'G', 4),
(197, 100, 'P', null),
(198, 100, 'G', null),
(199, 101, 'M', null),
(200, 101, 'F', null),
(201, 101, 'P', null),
(202, 102, 'F', 2),
(203, 102, 'P', 5),
(204, 103, 'G', 5),
(205, 103, 'F', null),
(206, 104, 'P', 3),
(207, 104, 'M', null),
(208, 105, 'M', null),
(209, 106, 'F', null),
(210, 107, 'F', 1),
(211, 107, 'G', 4),
(212, 107, 'G', null),
(213, 108, 'F', 4),
(214, 108, 'G', null),
(215, 109, 'M', 5),
(216, 110, 'G', 1),
(217, 110, 'M', null),
(218, 110, 'G', null),
(219, 111, 'F', null),
(220, 111, 'P', null),
(221, 111, 'P', null),
(222, 112, 'F', null),
(223, 113, 'F', null),
(224, 113, 'M', null),
(225, 114, 'P', 3),
(226, 114, 'P', null),
(227, 115, 'M', 3),
(228, 115, 'M', 2),
(229, 116, 'G', null),
(230, 116, 'P', 3),
(231, 117, 'F', 3),
(232, 117, 'M', 4),
(233, 118, 'P', 5),
(234, 119, 'G', null),
(235, 119, 'P', 2),
(236, 119, 'M', 4),
(237, 120, 'M', null),
(238, 120, 'P', 1),
(239, 120, 'G', 1),
(240, 121, 'G', 5),
(241, 121, 'M', 5),
(242, 122, 'M', null),
(243, 122, 'P', null),
(244, 122, 'G', null),
(245, 123, 'G', null),
(246, 123, 'M', null),
(247, 123, 'G', 5),
(248, 124, 'F', 4),
(249, 124, 'G', null),
(250, 124, 'F', 1),
(251, 125, 'P', 1),
(252, 126, 'M', 4),
(253, 127, 'P', null),
(254, 127, 'G', null),
(255, 127, 'G', 4),
(256, 128, 'F', 4),
(257, 129, 'G', null),
(258, 129, 'P', 5),
(259, 129, 'P', null),
(260, 130, 'F', 5),
(261, 130, 'G', 1),
(262, 131, 'G', null),
(263, 131, 'P', null),
(264, 131, 'M', 5),
(265, 132, 'P', 2),
(266, 132, 'F', 2),
(267, 133, 'M', 4),
(268, 134, 'G', 2),
(269, 135, 'G', null),
(270, 136, 'F', null),
(271, 136, 'G', 1),
(272, 136, 'P', 3),
(273, 137, 'G', 5),
(274, 137, 'F', 5),
(275, 138, 'M', 2),
(276, 138, 'M', null),
(277, 139, 'F', 3),
(278, 140, 'P', 2),
(279, 141, 'G', null),
(280, 141, 'M', 1),
(281, 142, 'P', 2),
(282, 142, 'M', 1),
(283, 142, 'G', 1),
(284, 143, 'G', 2),
(285, 144, 'P', 3),
(286, 144, 'P', 3),
(287, 145, 'F', null),
(288, 145, 'M', 4),
(289, 145, 'P', null),
(290, 146, 'F', null),
(291, 146, 'M', null),
(292, 146, 'M', null),
(293, 147, 'M', 4),
(294, 147, 'P', null),
(295, 148, 'G', 3),
(296, 149, 'P', 3),
(297, 149, 'M', null),
(298, 150, 'F', 3),
(299, 150, 'G', null),
(300, 150, 'F', null),
(301, 151, 'M', null),
(302, 151, 'M', null),
(303, 151, 'F', null),
(304, 152, 'F', 1),
(305, 152, 'F', null),
(306, 153, 'G', null),
(307, 153, 'F', null),
(308, 153, 'M', 4),
(309, 154, 'M', null),
(310, 154, 'M', 3),
(311, 155, 'P', null),
(312, 156, 'G', 2),
(313, 156, 'F', 1),
(314, 157, 'P', null),
(315, 157, 'F', 4),
(316, 158, 'P', null),
(317, 159, 'F', 1),
(318, 160, 'G', null),
(319, 160, 'F', null),
(320, 161, 'M', 4),
(321, 162, 'F', 5),
(322, 162, 'P', 4),
(323, 162, 'F', 3),
(324, 163, 'P', 3),
(325, 163, 'P', 5),
(326, 163, 'F', 3),
(327, 164, 'F', null),
(328, 164, 'P', null),
(329, 165, 'P', 2),
(330, 165, 'F', 2),
(331, 165, 'F', 2),
(332, 166, 'M', null),
(333, 167, 'M', 2),
(334, 167, 'P', 2),
(335, 168, 'F', null),
(336, 169, 'G', 1),
(337, 169, 'M', null),
(338, 170, 'G', 5),
(339, 170, 'M', null),
(340, 171, 'F', 4),
(341, 171, 'G', 4),
(342, 171, 'F', null),
(343, 172, 'M', null),
(344, 173, 'G', 1),
(345, 173, 'M', 5),
(346, 174, 'F', 3),
(347, 174, 'M', 1),
(348, 174, 'M', null),
(349, 175, 'F', 2),
(350, 175, 'G', 3),
(351, 175, 'P', 2),
(352, 176, 'F', 5),
(353, 176, 'P', 2),
(354, 176, 'M', 2),
(355, 177, 'F', null),
(356, 177, 'M', 3),
(357, 178, 'G', 1),
(358, 178, 'M', null),
(359, 178, 'F', 2),
(360, 179, 'G', 2),
(361, 179, 'F', null),
(362, 180, 'G', 1),
(363, 181, 'M', null),
(364, 181, 'F', 5),
(365, 182, 'F', 5),
(366, 183, 'P', null),
(367, 183, 'F', null),
(368, 184, 'G', null),
(369, 185, 'G', null),
(370, 185, 'F', null),
(371, 185, 'P', 4),
(372, 186, 'M', 5),
(373, 186, 'G', 4),
(374, 187, 'P', 4),
(375, 188, 'G', 3),
(376, 189, 'G', null),
(377, 189, 'G', 2),
(378, 189, 'M', 1),
(379, 190, 'M', null),
(380, 191, 'G', 2),
(381, 191, 'M', null),
(382, 192, 'F', 1),
(383, 192, 'G', null),
(384, 192, 'P', null),
(385, 193, 'F', null),
(386, 193, 'M', null),
(387, 193, 'G', 3),
(388, 194, 'M', 3),
(389, 194, 'M', null),
(390, 194, 'F', 4),
(391, 195, 'M', 5),
(392, 196, 'P', null),
(393, 196, 'M', 4),
(394, 197, 'F', 5),
(395, 197, 'F', null),
(396, 197, 'F', null),
(397, 198, 'F', 2),
(398, 198, 'G', 5),
(399, 199, 'M', null),
(400, 199, 'F', null),
(401, 199, 'F', null),
(402, 200, 'P', 1),
(403, 201, 'F', null),
(404, 202, 'G', null),
(405, 202, 'F', null),
(406, 203, 'M', null),
(407, 204, 'G', 4),
(408, 205, 'G', null),
(409, 206, 'P', 1),
(410, 206, 'F', 2),
(411, 206, 'F', null),
(412, 207, 'P', 1),
(413, 207, 'F', 4),
(414, 207, 'G', 3),
(415, 208, 'M', null),
(416, 209, 'G', null),
(417, 210, 'M', null),
(418, 210, 'F', 1),
(419, 210, 'M', 1),
(420, 211, 'M', null),
(421, 211, 'M', null),
(422, 212, 'G', null),
(423, 212, 'P', null),
(424, 213, 'G', null),
(425, 213, 'F', null),
(426, 214, 'P', 5),
(427, 215, 'G', null),
(428, 215, 'M', 5),
(429, 216, 'P', 2),
(430, 216, 'M', null),
(431, 216, 'M', null),
(432, 217, 'P', 5),
(433, 217, 'P', null),
(434, 218, 'F', 1),
(435, 219, 'P', 5),
(436, 219, 'F', null),
(437, 220, 'F', 4),
(438, 220, 'M', null),
(439, 220, 'G', null),
(440, 221, 'P', 1),
(441, 221, 'G', null),
(442, 222, 'F', 3),
(443, 222, 'G', 5),
(444, 223, 'F', null),
(445, 223, 'M', 5),
(446, 224, 'F', 2),
(447, 224, 'P', null),
(448, 224, 'P', 5),
(449, 225, 'G', null),
(450, 226, 'P', 3),
(451, 227, 'F', null),
(452, 228, 'G', 2),
(453, 228, 'P', null),
(454, 228, 'P', 1),
(455, 229, 'P', null),
(456, 229, 'P', null),
(457, 229, 'F', null),
(458, 230, 'F', 4),
(459, 230, 'P', 5),
(460, 231, 'P', null),
(461, 231, 'M', null),
(462, 231, 'P', null),
(463, 232, 'F', 5),
(464, 232, 'F', null),
(465, 233, 'M', 4),
(466, 233, 'M', 4),
(467, 234, 'F', null),
(468, 234, 'G', null),
(469, 235, 'G', null),
(470, 235, 'P', null),
(471, 235, 'P', null),
(472, 236, 'G', null),
(473, 236, 'M', 4),
(474, 236, 'F', null),
(475, 237, 'G', 1),
(476, 238, 'G', null),
(477, 238, 'M', null),
(478, 239, 'P', 4),
(479, 239, 'F', null),
(480, 239, 'F', null),
(481, 240, 'F', null),
(482, 240, 'P', null),
(483, 241, 'F', null),
(484, 242, 'P', null),
(485, 242, 'G', 4),
(486, 242, 'F', null),
(487, 243, 'F', 4),
(488, 243, 'M', 4),
(489, 244, 'F', 2),
(490, 244, 'M', 5),
(491, 244, 'F', null),
(492, 245, 'M', 4),
(493, 245, 'F', 5),
(494, 245, 'M', 1),
(495, 246, 'F', null),
(496, 247, 'G', 2),
(497, 247, 'M', null),
(498, 247, 'G', 1),
(499, 248, 'G', null),
(500, 249, 'M', null),
(501, 249, 'G', 4),
(502, 250, 'M', null),
(503, 251, 'P', 1),
(504, 252, 'P', 5),
(505, 252, 'P', 4),
(506, 252, 'M', null),
(507, 253, 'F', null),
(508, 253, 'P', null),
(509, 253, 'F', null),
(510, 254, 'P', null),
(511, 254, 'P', 1),
(512, 254, 'M', 5),
(513, 255, 'M', 2),
(514, 256, 'M', null),
(515, 256, 'G', null),
(516, 257, 'M', 5),
(517, 257, 'F', 1),
(518, 258, 'G', null),
(519, 259, 'G', null),
(520, 259, 'G', 2),
(521, 260, 'G', null),
(522, 260, 'P', 2),
(523, 260, 'P', null),
(524, 261, 'M', 5),
(525, 262, 'P', null),
(526, 262, 'F', null),
(527, 263, 'M', null),
(528, 263, 'G', 2),
(529, 264, 'G', 5),
(530, 265, 'G', 1),
(531, 266, 'P', 4),
(532, 266, 'G', null),
(533, 266, 'F', null),
(534, 267, 'F', null),
(535, 268, 'F', null),
(536, 269, 'G', null),
(537, 270, 'F', 5),
(538, 271, 'M', null),
(539, 271, 'P', null),
(540, 271, 'P', null),
(541, 272, 'G', 5),
(542, 273, 'P', 2),
(543, 273, 'P', 3),
(544, 274, 'P', null),
(545, 274, 'F', 3),
(546, 275, 'P', null),
(547, 275, 'P', 3),
(548, 275, 'P', 2),
(549, 276, 'F', 4),
(550, 277, 'G', 5),
(551, 277, 'G', 5),
(552, 278, 'M', 2),
(553, 279, 'P', 4),
(554, 280, 'M', null),
(555, 280, 'P', 3),
(556, 281, 'F', 1),
(557, 281, 'P', null),
(558, 281, 'G', null),
(559, 282, 'F', 1),
(560, 282, 'F', null),
(561, 282, 'M', null),
(562, 283, 'P', null),
(563, 283, 'M', 5),
(564, 284, 'M', 5),
(565, 284, 'F', null),
(566, 285, 'F', 2),
(567, 286, 'F', 4),
(568, 287, 'G', null),
(569, 287, 'G', 3),
(570, 287, 'M', 4),
(571, 288, 'F', null),
(572, 289, 'F', 4),
(573, 289, 'M', 5),
(574, 290, 'M', 4),
(575, 290, 'M', 1),
(576, 291, 'P', 1),
(577, 291, 'M', null),
(578, 291, 'G', 1),
(579, 292, 'G', null),
(580, 292, 'G', null),
(581, 293, 'F', null),
(582, 294, 'G', null),
(583, 294, 'F', null),
(584, 295, 'M', null),
(585, 295, 'P', null),
(586, 295, 'F', null),
(587, 296, 'P', 3),
(588, 296, 'F', 4),
(589, 296, 'P', 2),
(590, 297, 'G', 3),
(591, 298, 'F', 3),
(592, 299, 'P', null),
(593, 299, 'M', null),
(594, 300, 'G', 4),
(595, 301, 'G', null),
(596, 301, 'F', 2),
(597, 301, 'M', 3),
(598, 302, 'M', 4),
(599, 302, 'P', null),
(600, 302, 'F', null),
(601, 303, 'P', null),
(602, 304, 'P', 5),
(603, 304, 'F', null),
(604, 305, 'P', null),
(605, 306, 'P', null),
(606, 306, 'P', 3),
(607, 307, 'G', null),
(608, 308, 'P', null),
(609, 308, 'G', null),
(610, 309, 'P', 5),
(611, 309, 'M', null),
(612, 309, 'F', null),
(613, 310, 'F', null),
(614, 310, 'F', 3),
(615, 310, 'F', null),
(616, 311, 'M', null),
(617, 311, 'F', 4),
(618, 311, 'F', 1),
(619, 312, 'G', 3),
(620, 312, 'M', null),
(621, 313, 'F', 3),
(622, 313, 'M', 4),
(623, 314, 'M', 3),
(624, 314, 'M', 5),
(625, 315, 'G', 2),
(626, 315, 'M', null),
(627, 315, 'G', null),
(628, 316, 'F', null),
(629, 316, 'P', null),
(630, 317, 'P', 5),
(631, 317, 'F', 3),
(632, 317, 'M', null),
(633, 318, 'F', null),
(634, 318, 'F', null),
(635, 318, 'M', null),
(636, 319, 'M', 3),
(637, 320, 'F', null),
(638, 320, 'M', null),
(639, 320, 'M', 3),
(640, 321, 'F', 2),
(641, 321, 'G', 3),
(642, 322, 'G', 5),
(643, 322, 'M', null),
(644, 322, 'G', 3),
(645, 323, 'F', null),
(646, 323, 'G', null),
(647, 323, 'F', 5),
(648, 324, 'F', null),
(649, 324, 'F', null),
(650, 324, 'F', null),
(651, 325, 'P', null),
(652, 325, 'G', null),
(653, 325, 'G', null),
(654, 326, 'F', 1),
(655, 326, 'G', null),
(656, 326, 'P', null),
(657, 327, 'F', 3),
(658, 327, 'G', 5),
(659, 328, 'F', null),
(660, 328, 'P', 4),
(661, 329, 'F', null),
(662, 330, 'P', null),
(663, 330, 'G', 2),
(664, 330, 'M', 2),
(665, 331, 'F', null),
(666, 331, 'M', 3),
(667, 332, 'P', 3),
(668, 332, 'M', null),
(669, 333, 'G', null),
(670, 333, 'P', 2),
(671, 334, 'F', null),
(672, 334, 'M', 1),
(673, 335, 'P', null),
(674, 335, 'G', 1),
(675, 335, 'M', 1),
(676, 336, 'P', 1),
(677, 337, 'M', 5),
(678, 337, 'G', null),
(679, 337, 'M', 4),
(680, 338, 'G', 1),
(681, 339, 'P', 5),
(682, 339, 'M', null),
(683, 339, 'P', 5),
(684, 340, 'P', null),
(685, 341, 'M', 4),
(686, 341, 'G', 1),
(687, 341, 'F', null),
(688, 342, 'P', 1),
(689, 342, 'F', 2),
(690, 343, 'G', 2),
(691, 343, 'F', 2),
(692, 344, 'M', 3),
(693, 344, 'F', 5),
(694, 344, 'F', 4),
(695, 345, 'F', null),
(696, 345, 'M', null),
(697, 346, 'F', 1),
(698, 346, 'G', 4),
(699, 347, 'G', 4),
(700, 347, 'P', 5),
(701, 347, 'G', 1),
(702, 348, 'M', 3),
(703, 349, 'M', null),
(704, 350, 'M', null),
(705, 351, 'M', 4),
(706, 352, 'G', 2),
(707, 353, 'F', 4),
(708, 353, 'M', 3),
(709, 353, 'P', 4),
(710, 354, 'M', 2),
(711, 354, 'M', 4),
(712, 354, 'G', 3),
(713, 355, 'M', 4),
(714, 355, 'F', null),
(715, 356, 'M', 1),
(716, 356, 'G', null),
(717, 357, 'F', null),
(718, 358, 'M', 2),
(719, 358, 'P', 5),
(720, 358, 'F', null),
(721, 359, 'F', null),
(722, 360, 'F', 2),
(723, 360, 'P', null),
(724, 361, 'F', null),
(725, 362, 'G', 2),
(726, 363, 'G', null),
(727, 363, 'M', null),
(728, 364, 'G', null),
(729, 365, 'F', null),
(730, 365, 'G', null),
(731, 365, 'P', 3),
(732, 366, 'M', 2),
(733, 366, 'M', null),
(734, 366, 'F', 3),
(735, 367, 'G', null),
(736, 367, 'P', 1),
(737, 368, 'M', null),
(738, 368, 'G', null),
(739, 369, 'P', null),
(740, 369, 'G', null),
(741, 369, 'M', 5),
(742, 370, 'M', 1),
(743, 370, 'G', null),
(744, 370, 'M', 1),
(745, 371, 'F', null),
(746, 371, 'M', 5),
(747, 372, 'G', null),
(748, 372, 'G', null),
(749, 372, 'M', 3),
(750, 373, 'M', null),
(751, 373, 'F', 1),
(752, 373, 'G', 2),
(753, 374, 'M', null),
(754, 375, 'G', 4),
(755, 376, 'P', null),
(756, 377, 'P', null),
(757, 377, 'F', null),
(758, 377, 'G', null),
(759, 378, 'G', null),
(760, 379, 'F', 2),
(761, 379, 'M', 2),
(762, 379, 'M', 5),
(763, 380, 'M', null),
(764, 381, 'P', null),
(765, 381, 'F', 2),
(766, 381, 'P', null),
(767, 382, 'M', 2),
(768, 382, 'F', 5),
(769, 382, 'P', 2),
(770, 383, 'G', 5),
(771, 384, 'F', null),
(772, 385, 'P', 2),
(773, 385, 'G', null),
(774, 386, 'F', 4),
(775, 386, 'G', null),
(776, 386, 'P', 2),
(777, 387, 'F', null),
(778, 388, 'P', null),
(779, 388, 'M', 4),
(780, 389, 'F', 4),
(781, 390, 'G', 1),
(782, 390, 'P', 2),
(783, 391, 'M', 4),
(784, 391, 'F', null),
(785, 391, 'M', 5),
(786, 392, 'P', null),
(787, 392, 'F', 4),
(788, 392, 'G', 1),
(789, 393, 'F', 5),
(790, 393, 'F', 2),
(791, 393, 'F', 4),
(792, 394, 'P', 2),
(793, 395, 'G', 4),
(794, 396, 'G', 3),
(795, 397, 'G', null),
(796, 397, 'M', 4),
(797, 398, 'M', 1),
(798, 398, 'G', null),
(799, 399, 'F', null),
(800, 399, 'G', null),
(801, 400, 'G', null),
(802, 401, 'G', null),
(803, 401, 'M', null),
(804, 402, 'G', null),
(805, 403, 'F', 4),
(806, 403, 'F', null),
(807, 403, 'F', null),
(808, 404, 'M', null),
(809, 405, 'M', null),
(810, 405, 'P', null),
(811, 406, 'G', null),
(812, 406, 'P', 2),
(813, 406, 'M', null),
(814, 407, 'G', null),
(815, 407, 'P', 2),
(816, 407, 'F', 3),
(817, 408, 'F', null),
(818, 408, 'M', 1),
(819, 408, 'F', 2),
(820, 409, 'P', null),
(821, 409, 'F', 5),
(822, 409, 'F', 4),
(823, 410, 'P', 3),
(824, 411, 'P', null),
(825, 411, 'G', null),
(826, 411, 'P', null),
(827, 412, 'M', null),
(828, 412, 'F', 4),
(829, 412, 'P', 2),
(830, 413, 'F', null),
(831, 413, 'M', null),
(832, 413, 'M', null),
(833, 414, 'G', 5),
(834, 415, 'M', null),
(835, 416, 'G', null),
(836, 417, 'G', 5),
(837, 418, 'G', null),
(838, 418, 'M', 3),
(839, 419, 'M', null),
(840, 420, 'M', 4),
(841, 421, 'G', null),
(842, 421, 'F', null),
(843, 422, 'M', 3),
(844, 422, 'P', null),
(845, 422, 'G', 2),
(846, 423, 'P', null),
(847, 423, 'M', null),
(848, 423, 'P', 5),
(849, 424, 'M', null),
(850, 424, 'M', 1),
(851, 424, 'G', 2),
(852, 425, 'P', null),
(853, 425, 'M', null),
(854, 425, 'P', 1),
(855, 426, 'F', null),
(856, 427, 'M', null),
(857, 427, 'M', null),
(858, 428, 'M', 4),
(859, 429, 'M', null),
(860, 429, 'G', null),
(861, 430, 'F', 5),
(862, 430, 'F', null),
(863, 430, 'G', 3),
(864, 431, 'P', null),
(865, 431, 'P', 4),
(866, 432, 'G', null),
(867, 432, 'G', null),
(868, 432, 'F', 3),
(869, 433, 'G', 3),
(870, 433, 'P', null),
(871, 434, 'M', 3),
(872, 434, 'P', 4),
(873, 434, 'G', null),
(874, 435, 'M', 3),
(875, 435, 'F', 5),
(876, 436, 'P', 1),
(877, 437, 'F', 5),
(878, 437, 'P', null),
(879, 437, 'G', 1),
(880, 438, 'G', null),
(881, 438, 'P', 2),
(882, 438, 'G', null),
(883, 439, 'F', null),
(884, 439, 'F', 4),
(885, 440, 'M', 1),
(886, 441, 'P', 5),
(887, 442, 'F', 5),
(888, 442, 'G', null),
(889, 443, 'M', 5),
(890, 444, 'M', 4),
(891, 444, 'G', null),
(892, 445, 'F', null),
(893, 445, 'P', 3),
(894, 445, 'M', null),
(895, 446, 'P', null),
(896, 447, 'P', null),
(897, 447, 'P', 5),
(898, 448, 'F', null),
(899, 449, 'M', 5),
(900, 449, 'M', 2),
(901, 449, 'P', null),
(902, 450, 'F', 4),
(903, 450, 'P', null),
(904, 450, 'F', 2),
(905, 451, 'M', null),
(906, 452, 'P', null),
(907, 452, 'F', null),
(908, 453, 'M', 3),
(909, 453, 'M', null),
(910, 454, 'P', 5),
(911, 454, 'P', null),
(912, 455, 'M', null),
(913, 455, 'M', null),
(914, 455, 'G', null),
(915, 456, 'M', 2),
(916, 456, 'F', null),
(917, 457, 'M', 5),
(918, 458, 'G', 2),
(919, 458, 'P', 4),
(920, 458, 'G', null),
(921, 459, 'P', null),
(922, 459, 'P', null),
(923, 459, 'M', 4),
(924, 460, 'M', null),
(925, 461, 'P', null),
(926, 462, 'M', null),
(927, 463, 'P', null),
(928, 464, 'F', 5),
(929, 464, 'G', null),
(930, 464, 'G', 1),
(931, 465, 'F', 2),
(932, 466, 'P', 1),
(933, 466, 'G', 3),
(934, 466, 'P', null),
(935, 467, 'F', null),
(936, 468, 'F', 5),
(937, 468, 'P', 5),
(938, 469, 'G', 3),
(939, 469, 'F', null),
(940, 470, 'M', null),
(941, 470, 'G', 1),
(942, 471, 'M', null),
(943, 471, 'P', null),
(944, 472, 'F', null),
(945, 472, 'F', null),
(946, 473, 'M', null),
(947, 473, 'P', null),
(948, 473, 'F', null),
(949, 474, 'M', 2),
(950, 474, 'P', null),
(951, 475, 'F', null),
(952, 476, 'F', 4),
(953, 476, 'G', 4),
(954, 477, 'G', null),
(955, 478, 'P', null),
(956, 479, 'P', 5),
(957, 479, 'G', null),
(958, 480, 'P', 1),
(959, 480, 'M', 2),
(960, 481, 'P', 1),
(961, 481, 'P', null),
(962, 482, 'G', null),
(963, 482, 'M', 4),
(964, 483, 'F', null),
(965, 483, 'F', null),
(966, 483, 'F', 2),
(967, 484, 'G', 3),
(968, 484, 'F', null),
(969, 484, 'G', 4),
(970, 485, 'M', 2),
(971, 485, 'M', 1),
(972, 486, 'M', 5),
(973, 487, 'G', 4),
(974, 487, 'F', 1),
(975, 487, 'P', null),
(976, 488, 'M', 1),
(977, 488, 'P', null),
(978, 488, 'G', null),
(979, 489, 'F', null),
(980, 489, 'P', null),
(981, 489, 'P', null),
(982, 490, 'F', 2),
(983, 490, 'F', null),
(984, 491, 'M', null),
(985, 492, 'F', 3),
(986, 492, 'M', 3),
(987, 493, 'F', null),
(988, 494, 'G', null),
(989, 495, 'F', 5),
(990, 495, 'G', null),
(991, 495, 'M', null),
(992, 496, 'P', null),
(993, 496, 'M', 1),
(994, 497, 'M', null),
(995, 498, 'M', 2),
(996, 498, 'M', 2),
(997, 498, 'P', 4),
(998, 499, 'M', 5),
(999, 499, 'F', null),
(1000, 500, 'F', null),
(1001, 500, 'P', 5),
(1002, 501, 'P', null),
(1003, 502, 'G', null),
(1004, 503, 'M', null),
(1005, 503, 'G', 3),
(1006, 504, 'F', 4),
(1007, 504, 'P', null),
(1008, 504, 'G', null),
(1009, 505, 'F', 2),
(1010, 505, 'M', 3),
(1011, 506, 'G', 1),
(1012, 506, 'M', null),
(1013, 507, 'F', null),
(1014, 507, 'M', 3),
(1015, 507, 'P', null),
(1016, 508, 'F', null),
(1017, 508, 'F', 4),
(1018, 509, 'P', null),
(1019, 509, 'G', null),
(1020, 510, 'M', null),
(1021, 510, 'F', null),
(1022, 511, 'F', null),
(1023, 512, 'M', 4),
(1024, 512, 'F', null),
(1025, 513, 'F', 3),
(1026, 514, 'M', 1),
(1027, 515, 'F', 4),
(1028, 515, 'G', null),
(1029, 515, 'G', 1),
(1030, 516, 'M', 1),
(1031, 517, 'F', null),
(1032, 517, 'M', 2),
(1033, 517, 'M', null),
(1034, 518, 'P', null),
(1035, 519, 'G', null),
(1036, 519, 'M', null),
(1037, 520, 'P', null),
(1038, 520, 'M', 4),
(1039, 520, 'G', null),
(1040, 521, 'G', 1),
(1041, 522, 'G', null),
(1042, 522, 'G', null),
(1043, 523, 'G', null),
(1044, 523, 'P', 2),
(1045, 523, 'G', null),
(1046, 524, 'M', 3),
(1047, 524, 'G', 1),
(1048, 524, 'F', null),
(1049, 525, 'P', 4),
(1050, 525, 'M', null),
(1051, 525, 'P', 3),
(1052, 526, 'M', 5),
(1053, 526, 'F', 5),
(1054, 526, 'F', 3),
(1055, 527, 'P', 3),
(1056, 528, 'F', null),
(1057, 529, 'M', null),
(1058, 529, 'P', null),
(1059, 530, 'M', null),
(1060, 530, 'P', null),
(1061, 531, 'M', 2),
(1062, 531, 'P', 2),
(1063, 532, 'G', null),
(1064, 532, 'F', null),
(1065, 533, 'G', null),
(1066, 533, 'F', null),
(1067, 534, 'M', null),
(1068, 534, 'G', null),
(1069, 534, 'F', null),
(1070, 535, 'P', null),
(1071, 536, 'M', 2),
(1072, 537, 'F', 5),
(1073, 538, 'P', null),
(1074, 539, 'P', 3),
(1075, 539, 'M', null),
(1076, 540, 'G', 3),
(1077, 540, 'G', null),
(1078, 541, 'G', null),
(1079, 541, 'G', null),
(1080, 541, 'F', 2),
(1081, 542, 'G', null),
(1082, 543, 'M', null),
(1083, 544, 'P', null),
(1084, 544, 'G', 1),
(1085, 544, 'P', null),
(1086, 545, 'P', 4),
(1087, 545, 'F', null),
(1088, 546, 'M', 2),
(1089, 546, 'G', 3),
(1090, 546, 'P', null),
(1091, 547, 'G', 4),
(1092, 547, 'P', null),
(1093, 548, 'F', 3),
(1094, 548, 'P', null),
(1095, 548, 'G', 2),
(1096, 549, 'G', 2),
(1097, 549, 'G', 4),
(1098, 550, 'M', 5),
(1099, 550, 'M', 1),
(1100, 551, 'F', 2),
(1101, 551, 'F', null),
(1102, 552, 'P', 2),
(1103, 553, 'F', 2),
(1104, 553, 'M', 3),
(1105, 554, 'M', 5),
(1106, 554, 'M', null),
(1107, 555, 'F', null),
(1108, 555, 'G', null),
(1109, 555, 'F', 1),
(1110, 556, 'P', 2),
(1111, 556, 'F', 2),
(1112, 556, 'M', 4),
(1113, 557, 'G', 5),
(1114, 558, 'P', 2),
(1115, 558, 'M', 4),
(1116, 559, 'P', 1),
(1117, 560, 'P', 5),
(1118, 561, 'M', null),
(1119, 561, 'G', null),
(1120, 562, 'P', null),
(1121, 563, 'P', null),
(1122, 563, 'F', 5),
(1123, 563, 'P', 3),
(1124, 564, 'F', null),
(1125, 564, 'G', 3),
(1126, 565, 'M', null),
(1127, 566, 'P', null),
(1128, 566, 'M', 3),
(1129, 566, 'G', null),
(1130, 567, 'M', 4),
(1131, 567, 'P', null),
(1132, 568, 'P', 1),
(1133, 569, 'G', null),
(1134, 569, 'M', null),
(1135, 569, 'P', null),
(1136, 570, 'F', 5),
(1137, 571, 'F', 2),
(1138, 571, 'P', null),
(1139, 572, 'M', 4),
(1140, 573, 'P', 5),
(1141, 574, 'P', null),
(1142, 574, 'F', 3),
(1143, 574, 'F', 5),
(1144, 575, 'M', 1),
(1145, 576, 'M', null),
(1146, 576, 'M', 3),
(1147, 576, 'F', 5),
(1148, 577, 'F', null),
(1149, 577, 'F', 2),
(1150, 578, 'G', null),
(1151, 578, 'G', null),
(1152, 578, 'P', null),
(1153, 579, 'G', 4),
(1154, 580, 'G', null),
(1155, 580, 'G', null),
(1156, 581, 'G', null),
(1157, 581, 'M', 5),
(1158, 582, 'G', 1),
(1159, 582, 'M', null),
(1160, 582, 'G', 1),
(1161, 583, 'P', 4),
(1162, 583, 'M', 3),
(1163, 584, 'M', 4),
(1164, 584, 'P', 5),
(1165, 584, 'P', null),
(1166, 585, 'M', 2),
(1167, 585, 'F', null),
(1168, 585, 'G', 3),
(1169, 586, 'G', null),
(1170, 586, 'G', null),
(1171, 587, 'F', null),
(1172, 587, 'P', 5),
(1173, 588, 'F', null),
(1174, 588, 'M', null),
(1175, 589, 'P', null),
(1176, 589, 'P', null),
(1177, 589, 'P', null),
(1178, 590, 'M', 3),
(1179, 590, 'M', null),
(1180, 590, 'P', null),
(1181, 591, 'P', null),
(1182, 592, 'P', 3),
(1183, 593, 'F', 2),
(1184, 593, 'P', 3),
(1185, 593, 'M', null),
(1186, 594, 'P', null),
(1187, 595, 'F', null),
(1188, 595, 'G', 2),
(1189, 596, 'G', 1),
(1190, 596, 'P', 5),
(1191, 597, 'G', 2),
(1192, 597, 'P', null),
(1193, 598, 'P', null),
(1194, 598, 'M', null),
(1195, 599, 'P', 1),
(1196, 600, 'M', null),
(1197, 600, 'M', 3),
(1198, 601, 'F', null),
(1199, 601, 'M', null),
(1200, 602, 'M', 4),
(1201, 602, 'F', null),
(1202, 602, 'G', 3),
(1203, 603, 'M', 5),
(1204, 603, 'M', null),
(1205, 604, 'G', 3),
(1206, 604, 'P', null),
(1207, 604, 'G', 4),
(1208, 605, 'M', null),
(1209, 605, 'P', 2),
(1210, 605, 'M', 5),
(1211, 606, 'P', 5),
(1212, 607, 'G', 1),
(1213, 607, 'F', 1),
(1214, 607, 'F', null),
(1215, 608, 'P', null),
(1216, 608, 'P', 5),
(1217, 609, 'G', 3),
(1218, 609, 'F', 1),
(1219, 609, 'M', 4),
(1220, 610, 'P', null),
(1221, 610, 'F', 1),
(1222, 610, 'G', 5),
(1223, 611, 'P', 1),
(1224, 611, 'P', 5),
(1225, 612, 'P', null),
(1226, 613, 'G', 2),
(1227, 614, 'G', 5),
(1228, 615, 'M', null),
(1229, 616, 'P', null),
(1230, 616, 'P', null),
(1231, 617, 'G', 1),
(1232, 618, 'M', null),
(1233, 618, 'G', 3),
(1234, 618, 'F', null),
(1235, 619, 'P', 1),
(1236, 619, 'G', 4),
(1237, 619, 'F', 5),
(1238, 620, 'M', null),
(1239, 620, 'G', null),
(1240, 621, 'G', null),
(1241, 621, 'F', 4),
(1242, 621, 'M', null),
(1243, 622, 'F', 3),
(1244, 622, 'M', 3),
(1245, 623, 'G', 1),
(1246, 623, 'P', null),
(1247, 624, 'F', null),
(1248, 625, 'P', 1),
(1249, 625, 'G', 3),
(1250, 625, 'M', null),
(1251, 626, 'M', null),
(1252, 626, 'M', null),
(1253, 627, 'G', null),
(1254, 627, 'G', 3),
(1255, 628, 'P', 5),
(1256, 628, 'M', null),
(1257, 628, 'F', null),
(1258, 629, 'F', 2),
(1259, 630, 'P', 4),
(1260, 630, 'P', null),
(1261, 630, 'M', null),
(1262, 631, 'M', 4),
(1263, 631, 'P', null),
(1264, 632, 'P', 1),
(1265, 632, 'G', 2),
(1266, 633, 'M', 4),
(1267, 634, 'P', 2),
(1268, 635, 'G', 4),
(1269, 636, 'P', null),
(1270, 637, 'M', null),
(1271, 637, 'M', 5),
(1272, 638, 'P', 3),
(1273, 638, 'M', null),
(1274, 638, 'F', null),
(1275, 639, 'G', null),
(1276, 640, 'G', 3),
(1277, 641, 'G', null),
(1278, 641, 'F', null),
(1279, 642, 'F', null),
(1280, 642, 'G', null),
(1281, 642, 'G', 1),
(1282, 643, 'F', 3),
(1283, 643, 'G', null),
(1284, 644, 'M', null),
(1285, 644, 'P', null),
(1286, 645, 'M', null),
(1287, 645, 'P', 1),
(1288, 646, 'F', 1),
(1289, 647, 'G', null),
(1290, 648, 'G', 2),
(1291, 648, 'G', 5),
(1292, 648, 'G', null),
(1293, 649, 'P', null),
(1294, 649, 'G', null),
(1295, 650, 'P', null),
(1296, 651, 'G', null),
(1297, 651, 'F', null),
(1298, 651, 'G', 1),
(1299, 652, 'M', null),
(1300, 652, 'G', null),
(1301, 652, 'G', 5),
(1302, 653, 'G', null),
(1303, 654, 'P', null),
(1304, 654, 'G', 5),
(1305, 655, 'M', 2),
(1306, 655, 'P', null),
(1307, 656, 'G', 3),
(1308, 656, 'F', 4),
(1309, 656, 'F', 5),
(1310, 657, 'F', null),
(1311, 657, 'G', null),
(1312, 657, 'G', 4),
(1313, 658, 'G', 4),
(1314, 658, 'P', 4),
(1315, 658, 'P', 3),
(1316, 659, 'G', null),
(1317, 660, 'F', 4),
(1318, 661, 'M', null),
(1319, 661, 'G', null),
(1320, 662, 'G', null),
(1321, 662, 'M', 2),
(1322, 663, 'P', null),
(1323, 664, 'M', null),
(1324, 664, 'G', 4),
(1325, 664, 'P', 2),
(1326, 665, 'G', 4),
(1327, 665, 'P', 2),
(1328, 666, 'P', null),
(1329, 667, 'G', 1),
(1330, 667, 'P', 4),
(1331, 667, 'M', null),
(1332, 668, 'G', null),
(1333, 669, 'G', null),
(1334, 669, 'M', null),
(1335, 670, 'P', null),
(1336, 670, 'P', 4),
(1337, 670, 'F', null),
(1338, 671, 'P', 2),
(1339, 671, 'P', 4),
(1340, 671, 'P', 1),
(1341, 672, 'G', 2),
(1342, 672, 'G', null),
(1343, 672, 'P', 3),
(1344, 673, 'F', null),
(1345, 674, 'M', null),
(1346, 674, 'G', null),
(1347, 675, 'F', null),
(1348, 675, 'G', null),
(1349, 676, 'F', null),
(1350, 677, 'F', 1),
(1351, 677, 'F', 5),
(1352, 677, 'P', 2),
(1353, 678, 'P', null),
(1354, 678, 'P', null),
(1355, 678, 'M', 1),
(1356, 679, 'G', 4),
(1357, 679, 'P', 1),
(1358, 679, 'G', 5),
(1359, 680, 'M', 1),
(1360, 680, 'M', 2),
(1361, 681, 'G', 4),
(1362, 682, 'M', 1),
(1363, 682, 'M', null),
(1364, 683, 'F', null),
(1365, 683, 'F', null),
(1366, 684, 'G', 1),
(1367, 684, 'P', 1),
(1368, 684, 'F', 5),
(1369, 685, 'M', 1),
(1370, 686, 'G', null),
(1371, 686, 'P', 5),
(1372, 686, 'F', null),
(1373, 687, 'G', null),
(1374, 687, 'G', 3),
(1375, 688, 'F', 2),
(1376, 688, 'F', null),
(1377, 688, 'F', null),
(1378, 689, 'P', null),
(1379, 689, 'F', 2),
(1380, 689, 'F', 2),
(1381, 690, 'G', 3),
(1382, 690, 'G', 4),
(1383, 691, 'F', 1),
(1384, 691, 'M', null),
(1385, 692, 'G', 1),
(1386, 692, 'F', 3),
(1387, 692, 'M', null),
(1388, 693, 'P', 5),
(1389, 693, 'G', null),
(1390, 693, 'G', null),
(1391, 694, 'F', null),
(1392, 695, 'M', null),
(1393, 696, 'G', null),
(1394, 696, 'M', 5),
(1395, 696, 'G', null),
(1396, 697, 'G', 2),
(1397, 697, 'M', null),
(1398, 698, 'P', null),
(1399, 698, 'P', null),
(1400, 699, 'F', null),
(1401, 699, 'P', 5),
(1402, 699, 'G', 1),
(1403, 700, 'F', null),
(1404, 701, 'G', 5),
(1405, 701, 'F', 1),
(1406, 701, 'P', null),
(1407, 702, 'G', 1),
(1408, 703, 'M', null),
(1409, 703, 'M', null),
(1410, 703, 'P', null),
(1411, 704, 'G', 4),
(1412, 704, 'M', 1),
(1413, 704, 'P', null),
(1414, 705, 'F', null),
(1415, 705, 'F', 5),
(1416, 706, 'G', null),
(1417, 706, 'F', null),
(1418, 707, 'M', 3),
(1419, 708, 'M', null),
(1420, 708, 'G', null),
(1421, 708, 'P', 1),
(1422, 709, 'F', 1),
(1423, 710, 'G', null),
(1424, 710, 'G', 4),
(1425, 711, 'F', null),
(1426, 712, 'G', null),
(1427, 712, 'F', null),
(1428, 713, 'P', null),
(1429, 714, 'F', 4),
(1430, 714, 'M', 1),
(1431, 715, 'P', 5),
(1432, 716, 'F', null),
(1433, 716, 'M', null),
(1434, 716, 'G', 4),
(1435, 717, 'M', null),
(1436, 718, 'P', 5),
(1437, 718, 'G', 4),
(1438, 719, 'M', 4),
(1439, 719, 'F', 3),
(1440, 720, 'P', null),
(1441, 720, 'M', null),
(1442, 720, 'G', null),
(1443, 721, 'F', null),
(1444, 722, 'F', 5),
(1445, 722, 'G', null),
(1446, 723, 'M', 4),
(1447, 724, 'F', 5),
(1448, 724, 'F', null),
(1449, 724, 'G', 5),
(1450, 725, 'M', null),
(1451, 725, 'F', null),
(1452, 725, 'F', 1),
(1453, 726, 'M', null),
(1454, 727, 'F', null),
(1455, 728, 'P', 5),
(1456, 728, 'F', null),
(1457, 729, 'M', null),
(1458, 729, 'M', 4),
(1459, 730, 'G', 2),
(1460, 730, 'F', null),
(1461, 731, 'M', 5),
(1462, 731, 'G', null),
(1463, 732, 'F', null),
(1464, 732, 'G', 4),
(1465, 732, 'P', null),
(1466, 733, 'G', null),
(1467, 733, 'F', 2),
(1468, 733, 'P', 1),
(1469, 734, 'M', null),
(1470, 735, 'G', null),
(1471, 736, 'P', 5),
(1472, 736, 'M', 4),
(1473, 737, 'M', null),
(1474, 737, 'F', null),
(1475, 738, 'P', 3),
(1476, 738, 'F', 4),
(1477, 739, 'F', 3),
(1478, 739, 'G', 4),
(1479, 740, 'G', 3),
(1480, 740, 'P', null),
(1481, 740, 'P', 2),
(1482, 741, 'F', null),
(1483, 741, 'P', 2),
(1484, 741, 'G', null),
(1485, 742, 'P', 1),
(1486, 742, 'P', 4),
(1487, 742, 'P', 1),
(1488, 743, 'M', 3),
(1489, 743, 'G', 3),
(1490, 743, 'G', null),
(1491, 744, 'F', null),
(1492, 744, 'P', 5),
(1493, 744, 'P', null),
(1494, 745, 'G', 3),
(1495, 745, 'P', 4),
(1496, 745, 'G', 1),
(1497, 746, 'P', null),
(1498, 746, 'G', null),
(1499, 747, 'P', 3),
(1500, 747, 'M', 2),
(1501, 748, 'P', 1),
(1502, 749, 'M', 5),
(1503, 750, 'M', 5),
(1504, 750, 'F', 3),
(1505, 750, 'F', null),
(1506, 751, 'M', null),
(1507, 752, 'P', 2),
(1508, 753, 'P', null),
(1509, 753, 'G', null),
(1510, 754, 'M', 3),
(1511, 755, 'G', null),
(1512, 755, 'F', 3),
(1513, 756, 'G', 1),
(1514, 757, 'P', null),
(1515, 757, 'F', 2),
(1516, 758, 'F', null),
(1517, 758, 'M', null),
(1518, 758, 'G', 4),
(1519, 759, 'F', 5),
(1520, 759, 'F', 1),
(1521, 760, 'F', null),
(1522, 760, 'M', 4),
(1523, 760, 'M', 1),
(1524, 761, 'M', null),
(1525, 761, 'G', null),
(1526, 761, 'G', 1),
(1527, 762, 'F', 4),
(1528, 763, 'P', null),
(1529, 763, 'M', 3),
(1530, 764, 'G', null),
(1531, 765, 'M', null),
(1532, 766, 'F', 3),
(1533, 767, 'F', null),
(1534, 767, 'M', null),
(1535, 768, 'M', null),
(1536, 768, 'G', null),
(1537, 769, 'M', null),
(1538, 769, 'P', null),
(1539, 769, 'M', 3),
(1540, 770, 'G', null),
(1541, 770, 'F', null),
(1542, 771, 'F', null),
(1543, 771, 'P', 4),
(1544, 772, 'P', 5),
(1545, 773, 'G', 4),
(1546, 774, 'F', null),
(1547, 774, 'M', null),
(1548, 775, 'P', null),
(1549, 775, 'M', null),
(1550, 775, 'G', 3),
(1551, 776, 'P', 4),
(1552, 776, 'P', null),
(1553, 777, 'M', null),
(1554, 777, 'F', 5),
(1555, 777, 'P', 2),
(1556, 778, 'P', null),
(1557, 778, 'P', 4),
(1558, 778, 'G', null),
(1559, 779, 'G', 5),
(1560, 779, 'M', null),
(1561, 779, 'P', 4),
(1562, 780, 'M', null),
(1563, 780, 'G', null),
(1564, 781, 'P', null),
(1565, 782, 'F', null),
(1566, 782, 'M', 2),
(1567, 783, 'P', null),
(1568, 783, 'G', 3),
(1569, 783, 'F', 1),
(1570, 784, 'P', 4),
(1571, 784, 'P', null),
(1572, 785, 'P', 2),
(1573, 785, 'G', 2),
(1574, 785, 'M', null),
(1575, 786, 'M', 5),
(1576, 786, 'P', 3),
(1577, 787, 'M', null),
(1578, 788, 'P', null),
(1579, 788, 'P', null),
(1580, 788, 'M', null),
(1581, 789, 'M', null),
(1582, 789, 'G', null),
(1583, 790, 'P', 5),
(1584, 791, 'M', 1),
(1585, 792, 'M', null),
(1586, 792, 'M', 4),
(1587, 792, 'G', 4),
(1588, 793, 'G', 4),
(1589, 793, 'F', 4),
(1590, 794, 'F', 1),
(1591, 794, 'G', null),
(1592, 794, 'G', null),
(1593, 795, 'F', null),
(1594, 795, 'P', 3),
(1595, 795, 'G', null),
(1596, 796, 'F', null),
(1597, 797, 'P', 1),
(1598, 798, 'P', 1),
(1599, 798, 'P', 4),
(1600, 798, 'F', null),
(1601, 799, 'M', null),
(1602, 799, 'M', null),
(1603, 800, 'G', null),
(1604, 800, 'P', null),
(1605, 801, 'M', 3),
(1606, 801, 'P', 1),
(1607, 802, 'P', null),
(1608, 802, 'M', null),
(1609, 803, 'F', null),
(1610, 803, 'M', null),
(1611, 804, 'M', 3),
(1612, 804, 'G', 1),
(1613, 805, 'G', 2),
(1614, 805, 'M', null),
(1615, 805, 'M', 2),
(1616, 806, 'M', 2),
(1617, 807, 'P', 5),
(1618, 807, 'G', null),
(1619, 808, 'G', 4),
(1620, 808, 'F', 5),
(1621, 809, 'P', null),
(1622, 809, 'M', 4),
(1623, 810, 'P', null),
(1624, 811, 'M', null),
(1625, 812, 'G', null),
(1626, 812, 'P', null),
(1627, 812, 'G', null),
(1628, 813, 'F', null),
(1629, 813, 'G', 3),
(1630, 813, 'P', null),
(1631, 814, 'M', null),
(1632, 814, 'F', null),
(1633, 815, 'M', 4),
(1634, 816, 'G', null),
(1635, 817, 'G', 5),
(1636, 818, 'P', null),
(1637, 818, 'M', 3),
(1638, 819, 'F', 2),
(1639, 820, 'F', null),
(1640, 821, 'G', null),
(1641, 822, 'M', null),
(1642, 822, 'P', 5),
(1643, 822, 'P', 2),
(1644, 823, 'M', null),
(1645, 824, 'G', 3),
(1646, 824, 'P', null),
(1647, 825, 'F', 4),
(1648, 825, 'G', null),
(1649, 825, 'P', null),
(1650, 826, 'M', null),
(1651, 827, 'G', 2),
(1652, 828, 'F', null),
(1653, 828, 'G', null),
(1654, 828, 'P', 4),
(1655, 829, 'G', null),
(1656, 829, 'G', null),
(1657, 829, 'F', 2),
(1658, 830, 'P', null),
(1659, 830, 'F', 4),
(1660, 830, 'M', 4),
(1661, 831, 'P', 3),
(1662, 831, 'P', null),
(1663, 831, 'G', null),
(1664, 832, 'M', null),
(1665, 833, 'P', 3),
(1666, 833, 'G', 4),
(1667, 834, 'G', 1),
(1668, 834, 'G', 4),
(1669, 835, 'F', null),
(1670, 835, 'M', null),
(1671, 835, 'F', 5),
(1672, 836, 'P', 4),
(1673, 836, 'F', null),
(1674, 836, 'M', null),
(1675, 837, 'G', null),
(1676, 838, 'F', null),
(1677, 838, 'P', 2),
(1678, 839, 'P', null),
(1679, 840, 'F', 1),
(1680, 840, 'G', 4),
(1681, 841, 'G', null),
(1682, 841, 'M', null),
(1683, 841, 'M', 3),
(1684, 842, 'F', 1),
(1685, 843, 'G', null),
(1686, 843, 'G', null),
(1687, 843, 'F', 5),
(1688, 844, 'F', 5),
(1689, 844, 'M', 5),
(1690, 845, 'G', 3),
(1691, 845, 'P', 3),
(1692, 846, 'F', 3),
(1693, 847, 'P', null),
(1694, 848, 'G', 2),
(1695, 849, 'P', 2),
(1696, 850, 'G', null),
(1697, 850, 'P', null),
(1698, 851, 'G', 3),
(1699, 851, 'P', 3),
(1700, 852, 'G', 2),
(1701, 852, 'G', null),
(1702, 852, 'G', 1),
(1703, 853, 'M', 5),
(1704, 854, 'P', null),
(1705, 854, 'M', 3),
(1706, 855, 'P', 4),
(1707, 855, 'F', null),
(1708, 855, 'F', null),
(1709, 856, 'F', 2),
(1710, 856, 'M', null),
(1711, 857, 'P', 3),
(1712, 857, 'F', null),
(1713, 857, 'G', 3),
(1714, 858, 'F', null),
(1715, 858, 'F', null),
(1716, 859, 'G', 5),
(1717, 859, 'M', null),
(1718, 860, 'G', 2),
(1719, 860, 'M', 3),
(1720, 861, 'G', null),
(1721, 861, 'G', null),
(1722, 862, 'M', 5),
(1723, 863, 'P', null),
(1724, 863, 'M', 4),
(1725, 864, 'G', 5),
(1726, 865, 'F', 5),
(1727, 865, 'F', 3),
(1728, 865, 'G', null),
(1729, 866, 'G', null),
(1730, 866, 'G', 4),
(1731, 867, 'P', 3),
(1732, 868, 'F', null),
(1733, 869, 'M', null),
(1734, 869, 'F', 2),
(1735, 870, 'F', null),
(1736, 870, 'M', null),
(1737, 871, 'P', null),
(1738, 872, 'P', 4),
(1739, 872, 'P', 2),
(1740, 873, 'F', null),
(1741, 873, 'P', 4),
(1742, 873, 'F', 5),
(1743, 874, 'F', 2),
(1744, 874, 'F', 4),
(1745, 874, 'M', 3),
(1746, 875, 'F', 2),
(1747, 875, 'F', 3),
(1748, 875, 'M', null),
(1749, 876, 'M', null),
(1750, 877, 'F', 5),
(1751, 877, 'P', 3),
(1752, 878, 'G', null),
(1753, 879, 'F', null),
(1754, 879, 'M', 2),
(1755, 880, 'P', 4),
(1756, 880, 'F', null),
(1757, 880, 'F', 3),
(1758, 881, 'F', null),
(1759, 881, 'G', null),
(1760, 882, 'F', null),
(1761, 882, 'G', 1),
(1762, 883, 'M', 2),
(1763, 884, 'F', null),
(1764, 884, 'F', 5),
(1765, 884, 'P', null),
(1766, 885, 'P', null),
(1767, 885, 'F', 1),
(1768, 886, 'G', 4),
(1769, 886, 'G', null),
(1770, 887, 'M', 5),
(1771, 887, 'F', null),
(1772, 888, 'M', 3),
(1773, 888, 'F', null),
(1774, 888, 'G', null),
(1775, 889, 'G', null),
(1776, 889, 'G', 4),
(1777, 889, 'M', 2),
(1778, 890, 'F', null),
(1779, 890, 'P', 3),
(1780, 891, 'F', 1),
(1781, 891, 'M', 1),
(1782, 891, 'M', null),
(1783, 892, 'F', 5),
(1784, 892, 'G', 3),
(1785, 893, 'G', null),
(1786, 893, 'P', null),
(1787, 894, 'M', null),
(1788, 894, 'M', 4),
(1789, 894, 'P', null),
(1790, 895, 'M', null),
(1791, 896, 'F', 1),
(1792, 897, 'G', 2),
(1793, 898, 'F', null),
(1794, 899, 'M', null),
(1795, 899, 'F', 1),
(1796, 900, 'G', null),
(1797, 900, 'M', null),
(1798, 901, 'G', 3),
(1799, 902, 'G', 2),
(1800, 902, 'G', null),
(1801, 902, 'F', null),
(1802, 903, 'G', null),
(1803, 903, 'P', null),
(1804, 904, 'P', 3),
(1805, 904, 'P', null),
(1806, 904, 'P', null),
(1807, 905, 'G', null),
(1808, 905, 'M', 2),
(1809, 905, 'M', 3),
(1810, 906, 'M', 1),
(1811, 906, 'M', 3),
(1812, 906, 'M', null),
(1813, 907, 'M', null),
(1814, 907, 'P', 5),
(1815, 908, 'M', null),
(1816, 908, 'G', null),
(1817, 908, 'G', 3),
(1818, 909, 'F', null),
(1819, 909, 'G', null),
(1820, 909, 'P', 5),
(1821, 910, 'M', 5),
(1822, 910, 'F', null),
(1823, 910, 'M', 5),
(1824, 911, 'M', null),
(1825, 911, 'M', 5),
(1826, 911, 'F', null),
(1827, 912, 'M', null),
(1828, 912, 'G', 2),
(1829, 913, 'G', null),
(1830, 913, 'M', 5),
(1831, 914, 'F', null),
(1832, 915, 'P', null),
(1833, 916, 'M', 1),
(1834, 916, 'M', null),
(1835, 917, 'G', 1),
(1836, 917, 'F', null),
(1837, 917, 'P', 4),
(1838, 918, 'F', 4),
(1839, 918, 'G', null),
(1840, 918, 'P', 5),
(1841, 919, 'G', 3),
(1842, 920, 'M', null),
(1843, 920, 'F', null),
(1844, 921, 'F', null),
(1845, 922, 'G', null),
(1846, 923, 'M', 5),
(1847, 924, 'P', 4),
(1848, 925, 'G', null),
(1849, 925, 'F', null),
(1850, 925, 'G', 5),
(1851, 926, 'G', 5),
(1852, 926, 'F', null),
(1853, 926, 'F', 3),
(1854, 927, 'F', null),
(1855, 927, 'M', null),
(1856, 927, 'G', null),
(1857, 928, 'P', null),
(1858, 929, 'M', null),
(1859, 929, 'F', 1),
(1860, 930, 'G', null),
(1861, 930, 'M', null),
(1862, 930, 'M', null),
(1863, 931, 'P', null),
(1864, 931, 'G', null),
(1865, 932, 'P', 1),
(1866, 932, 'G', null),
(1867, 932, 'M', 2),
(1868, 933, 'M', 1),
(1869, 934, 'P', null),
(1870, 934, 'G', 5),
(1871, 934, 'M', 5),
(1872, 935, 'F', 5),
(1873, 935, 'M', null),
(1874, 935, 'G', 2),
(1875, 936, 'P', null),
(1876, 936, 'M', null),
(1877, 937, 'F', null),
(1878, 937, 'P', null),
(1879, 937, 'P', 3),
(1880, 938, 'F', null),
(1881, 939, 'G', 1),
(1882, 939, 'M', 5),
(1883, 939, 'P', null),
(1884, 940, 'M', null),
(1885, 941, 'G', 2),
(1886, 942, 'M', 4),
(1887, 943, 'M', null),
(1888, 943, 'F', null),
(1889, 944, 'M', 5),
(1890, 944, 'G', null),
(1891, 944, 'F', 5),
(1892, 945, 'P', null),
(1893, 945, 'G', null),
(1894, 945, 'M', null),
(1895, 946, 'M', 1),
(1896, 946, 'G', null),
(1897, 946, 'P', 4),
(1898, 947, 'P', 1),
(1899, 948, 'G', 2),
(1900, 949, 'P', null),
(1901, 949, 'F', 5),
(1902, 950, 'P', null),
(1903, 950, 'M', 5),
(1904, 951, 'M', 3),
(1905, 951, 'G', 4),
(1906, 952, 'P', 3),
(1907, 952, 'F', null),
(1908, 953, 'F', null),
(1909, 953, 'G', 4),
(1910, 954, 'G', null),
(1911, 955, 'M', null),
(1912, 955, 'F', 5),
(1913, 956, 'P', 3),
(1914, 956, 'G', null),
(1915, 957, 'P', null),
(1916, 957, 'P', 5),
(1917, 957, 'M', 4),
(1918, 958, 'F', 5),
(1919, 958, 'G', 3),
(1920, 959, 'G', 1),
(1921, 959, 'P', null),
(1922, 959, 'F', null),
(1923, 960, 'M', null),
(1924, 960, 'M', 4),
(1925, 960, 'G', 2),
(1926, 961, 'M', null),
(1927, 961, 'F', 3),
(1928, 961, 'P', 4),
(1929, 962, 'G', null),
(1930, 962, 'F', 1),
(1931, 963, 'P', null),
(1932, 964, 'M', 4),
(1933, 964, 'P', 2),
(1934, 964, 'P', null),
(1935, 965, 'F', null),
(1936, 966, 'P', 4),
(1937, 967, 'M', 2),
(1938, 967, 'G', null),
(1939, 968, 'P', 3),
(1940, 968, 'G', null),
(1941, 968, 'F', null),
(1942, 969, 'M', 1),
(1943, 970, 'G', 2),
(1944, 970, 'P', null),
(1945, 971, 'F', 4),
(1946, 972, 'G', 1),
(1947, 972, 'G', 1),
(1948, 972, 'M', 2),
(1949, 973, 'M', null),
(1950, 973, 'G', 5),
(1951, 973, 'M', null),
(1952, 974, 'F', 5),
(1953, 974, 'M', null),
(1954, 974, 'M', 3),
(1955, 975, 'G', 2),
(1956, 975, 'G', null),
(1957, 976, 'F', null),
(1958, 977, 'P', 3),
(1959, 978, 'G', null),
(1960, 978, 'F', 3),
(1961, 978, 'M', null),
(1962, 979, 'P', 4),
(1963, 979, 'P', 1),
(1964, 979, 'F', 4),
(1965, 980, 'P', null),
(1966, 981, 'P', null),
(1967, 982, 'F', 4),
(1968, 983, 'M', null),
(1969, 983, 'M', null),
(1970, 983, 'G', null),
(1971, 984, 'G', null),
(1972, 984, 'F', null),
(1973, 984, 'F', null),
(1974, 985, 'P', 1),
(1975, 985, 'M', null),
(1976, 985, 'M', 3),
(1977, 986, 'P', 3),
(1978, 986, 'P', null),
(1979, 987, 'P', 5),
(1980, 988, 'M', 1),
(1981, 988, 'P', 2),
(1982, 989, 'M', 2),
(1983, 990, 'G', 3),
(1984, 990, 'M', 4),
(1985, 991, 'G', null),
(1986, 991, 'G', 1),
(1987, 991, 'G', 5),
(1988, 992, 'P', 3),
(1989, 992, 'P', null),
(1990, 993, 'M', null),
(1991, 993, 'M', null),
(1992, 993, 'F', null),
(1993, 994, 'M', 3),
(1994, 994, 'G', null),
(1995, 994, 'P', null),
(1996, 995, 'F', null),
(1997, 995, 'P', 3),
(1998, 995, 'G', null),
(1999, 996, 'P', 4),
(2000, 997, 'M', null),
(2001, 998, 'P', null),
(2002, 999, 'G', 4),
(2003, 999, 'F', 1),
(2004, 999, 'M', 1),
(2005, 1000, 'M', null),
(2006, 1000, 'G', 3),
(2007, 1000, 'G', 2),
(2008, 1001, 'F', 3),
(2009, 1002, 'G', 2),
(2010, 1003, 'F', null),
(2011, 1003, 'M', null),
(2012, 1004, 'P', 5),
(2013, 1004, 'P', null),
(2014, 1004, 'M', null),
(2015, 1005, 'F', null),
(2016, 1005, 'M', 4),
(2017, 1005, 'G', null),
(2018, 1006, 'G', 1),
(2019, 1007, 'F', 2),
(2020, 1007, 'P', null),
(2021, 1007, 'P', 5),
(2022, 1008, 'G', null),
(2023, 1009, 'G', 4),
(2024, 1009, 'M', 5),
(2025, 1009, 'F', null),
(2026, 1010, 'P', 5),
(2027, 1010, 'P', null),
(2028, 1010, 'F', null),
(2029, 1011, 'G', null),
(2030, 1011, 'F', 4),
(2031, 1011, 'G', null),
(2032, 1012, 'G', 5),
(2033, 1012, 'P', 4),
(2034, 1013, 'P', null),
(2035, 1013, 'G', 5),
(2036, 1013, 'P', null),
(2037, 1014, 'G', 2),
(2038, 1014, 'P', null),
(2039, 1014, 'F', 3),
(2040, 1015, 'M', 4),
(2041, 1015, 'P', null),
(2042, 1015, 'M', null),
(2043, 1016, 'F', null),
(2044, 1016, 'G', 1),
(2045, 1017, 'P', 5),
(2046, 1017, 'M', null),
(2047, 1018, 'P', 3),
(2048, 1018, 'P', 1),
(2049, 1018, 'G', 1),
(2050, 1019, 'F', 5),
(2051, 1020, 'F', 1),
(2052, 1020, 'P', 1),
(2053, 1021, 'G', null),
(2054, 1022, 'F', 5),
(2055, 1022, 'G', 4),
(2056, 1023, 'F', null),
(2057, 1023, 'F', 3),
(2058, 1023, 'M', null),
(2059, 1024, 'P', null),
(2060, 1024, 'F', null),
(2061, 1024, 'M', null),
(2062, 1025, 'M', 4),
(2063, 1026, 'P', null),
(2064, 1026, 'P', 2),
(2065, 1026, 'F', 1),
(2066, 1027, 'P', null),
(2067, 1028, 'F', 2),
(2068, 1028, 'M', 4),
(2069, 1028, 'G', null),
(2070, 1029, 'G', 1),
(2071, 1030, 'M', 5),
(2072, 1030, 'P', null),
(2073, 1030, 'M', null),
(2074, 1031, 'G', null),
(2075, 1031, 'G', null),
(2076, 1031, 'P', null),
(2077, 1032, 'P', 5),
(2078, 1032, 'M', null),
(2079, 1033, 'M', null),
(2080, 1033, 'P', 5),
(2081, 1034, 'F', null),
(2082, 1034, 'F', null),
(2083, 1035, 'G', 5),
(2084, 1035, 'G', 2),
(2085, 1036, 'F', 2),
(2086, 1037, 'F', null),
(2087, 1037, 'P', null),
(2088, 1037, 'P', null),
(2089, 1038, 'G', 2),
(2090, 1038, 'F', null),
(2091, 1038, 'P', null),
(2092, 1039, 'F', null),
(2093, 1039, 'F', null),
(2094, 1040, 'M', 1),
(2095, 1041, 'P', null),
(2096, 1041, 'F', 2),
(2097, 1041, 'P', 1),
(2098, 1042, 'F', null),
(2099, 1042, 'G', 4),
(2100, 1043, 'P', null),
(2101, 1043, 'P', 4),
(2102, 1043, 'G', 3),
(2103, 1044, 'P', null);

insert into pizzasabor (pizza, sabor) values
(1, 9),
(2, 15),
(3, 25),
(4, 6),
(4, 14),
(5, 24),
(6, 14),
(6, 21),
(6, 2),
(7, 14),
(8, 22),
(9, 7),
(10, 17),
(10, 13),
(11, 5),
(11, 11),
(12, 15),
(12, 7),
(12, 22),
(13, 14),
(14, 3),
(14, 22),
(15, 5),
(16, 10),
(17, 20),
(17, 4),
(18, 8),
(19, 3),
(20, 11),
(20, 18),
(20, 20),
(21, 16),
(21, 14),
(22, 18),
(23, 3),
(23, 23),
(23, 1),
(24, 11),
(25, 16),
(26, 16),
(27, 18),
(27, 12),
(28, 13),
(29, 8),
(30, 21),
(30, 22),
(31, 21),
(31, 11),
(32, 6),
(32, 10),
(32, 25),
(33, 1),
(33, 6),
(33, 10),
(34, 11),
(35, 22),
(36, 11),
(37, 22),
(38, 13),
(39, 18),
(40, 17),
(40, 23),
(41, 16),
(41, 13),
(42, 21),
(43, 11),
(43, 22),
(44, 5),
(44, 25),
(45, 22),
(45, 8),
(46, 1),
(47, 19),
(48, 12),
(48, 25),
(48, 22),
(49, 7),
(50, 10),
(51, 7),
(51, 10),
(51, 11),
(52, 10),
(52, 22),
(52, 11),
(53, 1),
(54, 10),
(54, 1),
(54, 2),
(55, 23),
(56, 18),
(56, 14),
(57, 15),
(58, 5),
(59, 11),
(59, 13),
(60, 2),
(61, 5),
(62, 6),
(62, 11),
(63, 15),
(63, 1),
(64, 21),
(64, 18),
(64, 1),
(65, 4),
(65, 18),
(66, 14),
(66, 23),
(66, 4),
(67, 14),
(68, 4),
(69, 24),
(69, 5),
(70, 14),
(70, 19),
(71, 12),
(71, 5),
(71, 9),
(71, 11),
(72, 13),
(73, 18),
(74, 22),
(74, 9),
(75, 25),
(76, 1),
(76, 15),
(76, 19),
(76, 16),
(77, 10),
(77, 19),
(77, 17),
(77, 3),
(78, 15),
(79, 12),
(80, 1),
(81, 22),
(81, 23),
(81, 15),
(82, 1),
(83, 12),
(84, 24),
(84, 18),
(84, 2),
(85, 10),
(85, 18),
(86, 17),
(86, 4),
(87, 2),
(87, 13),
(87, 1),
(88, 4),
(88, 13),
(88, 16),
(89, 22),
(89, 2),
(90, 25),
(91, 3),
(91, 7),
(91, 4),
(91, 1),
(92, 9),
(93, 24),
(94, 12),
(94, 1),
(95, 9),
(95, 19),
(96, 8),
(96, 1),
(97, 22),
(97, 5),
(98, 8),
(99, 9),
(100, 1),
(101, 18),
(101, 8),
(101, 22),
(102, 14),
(103, 12),
(103, 21),
(103, 11),
(103, 9),
(104, 11),
(105, 8),
(105, 18),
(105, 6),
(105, 10),
(106, 7),
(106, 4),
(106, 9),
(107, 2),
(107, 6),
(108, 20),
(108, 22),
(109, 5),
(110, 5),
(111, 25),
(112, 24),
(113, 17),
(113, 19),
(114, 6),
(114, 23),
(115, 12),
(116, 12),
(116, 3),
(117, 16),
(117, 10),
(117, 2),
(118, 8),
(119, 21),
(120, 13),
(120, 9),
(120, 17),
(121, 12),
(121, 15),
(122, 16),
(122, 13),
(123, 10),
(124, 9),
(125, 13),
(126, 18),
(127, 19),
(128, 2),
(129, 6),
(129, 2),
(130, 4),
(131, 11),
(132, 12),
(132, 8),
(133, 17),
(134, 14),
(135, 2),
(136, 8),
(136, 11),
(136, 15),
(136, 18),
(137, 7),
(138, 8),
(139, 8),
(139, 19),
(140, 2),
(141, 21),
(141, 25),
(142, 3),
(142, 22),
(142, 16),
(143, 7),
(144, 20),
(145, 14),
(145, 22),
(146, 1),
(147, 16),
(147, 3),
(148, 3),
(149, 1),
(150, 17),
(150, 5),
(151, 3),
(151, 21),
(152, 2),
(153, 18),
(154, 13),
(154, 21),
(155, 13),
(156, 21),
(157, 18),
(158, 4),
(158, 22),
(159, 11),
(159, 18),
(160, 21),
(161, 12),
(161, 6),
(161, 13),
(162, 2),
(162, 10),
(163, 10),
(164, 18),
(164, 9),
(164, 23),
(164, 24),
(165, 20),
(165, 1),
(165, 15),
(166, 10),
(167, 18),
(168, 24),
(168, 10),
(168, 21),
(169, 4),
(170, 16),
(170, 17),
(171, 6),
(171, 17),
(171, 24),
(172, 8),
(173, 22),
(174, 11),
(175, 12),
(176, 2),
(177, 21),
(177, 18),
(178, 24),
(179, 13),
(180, 13),
(181, 4),
(182, 25),
(183, 22),
(183, 18),
(184, 25),
(185, 14),
(186, 23),
(187, 7),
(188, 5),
(188, 19),
(188, 2),
(189, 16),
(190, 3),
(191, 18),
(191, 8),
(191, 15),
(192, 20),
(192, 16),
(193, 1),
(194, 4),
(195, 16),
(195, 18),
(196, 24),
(197, 11),
(198, 3),
(199, 25),
(199, 18),
(200, 6),
(200, 17),
(201, 14),
(202, 21),
(203, 9),
(204, 24),
(204, 11),
(204, 19),
(205, 4),
(205, 22),
(206, 9),
(207, 17),
(208, 14),
(208, 16),
(209, 23),
(209, 20),
(210, 2),
(210, 6),
(210, 1),
(210, 25),
(211, 5),
(211, 7),
(211, 1),
(212, 11),
(212, 1),
(213, 13),
(214, 5),
(214, 22),
(214, 12),
(215, 14),
(216, 9),
(216, 12),
(216, 25),
(217, 12),
(217, 25),
(218, 18),
(218, 22),
(218, 17),
(219, 2),
(219, 22),
(220, 11),
(221, 1),
(222, 17),
(223, 17),
(223, 4),
(224, 16),
(225, 10),
(226, 11),
(227, 11),
(228, 4),
(229, 1),
(230, 6),
(231, 2),
(232, 2),
(233, 14),
(234, 24),
(234, 20),
(235, 13),
(236, 10),
(236, 3),
(237, 3),
(237, 2),
(238, 12),
(239, 6),
(239, 25),
(240, 11),
(241, 25),
(241, 14),
(242, 17),
(242, 15),
(243, 1),
(244, 22),
(244, 3),
(245, 10),
(245, 8),
(246, 2),
(246, 17),
(247, 9),
(247, 13),
(247, 21),
(248, 20),
(248, 6),
(248, 18),
(248, 13),
(249, 2),
(250, 3),
(250, 19),
(250, 15),
(251, 5),
(252, 5),
(252, 8),
(253, 12),
(254, 3),
(254, 5),
(255, 17),
(256, 19),
(256, 2),
(256, 6),
(257, 22),
(258, 5),
(259, 8),
(260, 7),
(261, 20),
(262, 14),
(262, 5),
(263, 4),
(264, 11),
(264, 22),
(265, 8),
(266, 21),
(266, 24),
(267, 14),
(268, 4),
(268, 24),
(268, 15),
(269, 8),
(269, 1),
(270, 16),
(271, 23),
(271, 18),
(272, 22),
(273, 20),
(274, 11),
(274, 4),
(275, 16),
(275, 5),
(276, 2),
(277, 4),
(277, 16),
(278, 21),
(279, 9),
(279, 16),
(279, 20),
(280, 8),
(281, 6),
(282, 17),
(282, 13),
(283, 19),
(283, 23),
(283, 16),
(284, 6),
(285, 19),
(286, 9),
(287, 17),
(288, 5),
(289, 5),
(290, 10),
(290, 8),
(290, 5),
(291, 19),
(292, 3),
(292, 14),
(293, 11),
(294, 12),
(295, 2),
(295, 24),
(296, 13),
(297, 17),
(298, 5),
(298, 4),
(298, 3),
(299, 18),
(300, 22),
(300, 4),
(301, 18),
(302, 5),
(303, 8),
(303, 22),
(303, 15),
(303, 4),
(304, 1),
(304, 10),
(304, 16),
(304, 20),
(305, 15),
(306, 21),
(306, 9),
(306, 8),
(307, 14),
(307, 1),
(308, 15),
(308, 2),
(309, 15),
(310, 17),
(311, 20),
(312, 3),
(313, 12),
(313, 18),
(313, 23),
(313, 11),
(314, 25),
(315, 4),
(316, 12),
(317, 10),
(318, 3),
(319, 22),
(319, 20),
(319, 6),
(319, 23),
(320, 21),
(321, 21),
(321, 8),
(322, 5),
(323, 15),
(324, 16),
(325, 16),
(326, 1),
(326, 5),
(326, 15),
(327, 11),
(328, 10),
(329, 16),
(330, 4),
(330, 18),
(331, 2),
(331, 14),
(332, 16),
(333, 17),
(334, 16),
(335, 8),
(335, 24),
(336, 22),
(336, 23),
(336, 16),
(337, 1),
(337, 24),
(338, 7),
(338, 9),
(338, 5),
(339, 11),
(340, 9),
(340, 15),
(340, 4),
(340, 5),
(341, 5),
(341, 24),
(341, 16),
(342, 11),
(342, 14),
(343, 5),
(343, 10),
(344, 16),
(344, 22),
(344, 1),
(345, 22),
(345, 4),
(346, 24),
(346, 11),
(346, 8),
(347, 18),
(348, 13),
(349, 16),
(349, 12),
(349, 17),
(350, 17),
(351, 20),
(352, 19),
(352, 25),
(352, 10),
(353, 12),
(354, 23),
(355, 14),
(355, 17),
(355, 15),
(356, 25),
(356, 12),
(357, 14),
(357, 12),
(358, 24),
(358, 9),
(359, 20),
(360, 20),
(360, 19),
(361, 6),
(361, 8),
(362, 7),
(362, 21),
(363, 22),
(363, 15),
(364, 23),
(364, 17),
(364, 18),
(365, 21),
(365, 22),
(365, 5),
(366, 10),
(367, 18),
(367, 8),
(367, 10),
(368, 7),
(369, 16),
(370, 11),
(370, 1),
(371, 16),
(372, 1),
(373, 20),
(373, 3),
(373, 7),
(374, 15),
(375, 5),
(376, 15),
(376, 23),
(377, 20),
(377, 16),
(378, 6),
(378, 23),
(379, 20),
(380, 2),
(380, 18),
(380, 11),
(381, 25),
(382, 21),
(382, 15),
(383, 4),
(383, 8),
(384, 16),
(385, 4),
(386, 13),
(387, 15),
(387, 11),
(388, 21),
(388, 20),
(389, 8),
(389, 11),
(390, 7),
(390, 2),
(390, 10),
(391, 2),
(391, 17),
(392, 24),
(393, 14),
(394, 6),
(394, 11),
(394, 1),
(394, 17),
(395, 6),
(395, 12),
(396, 21),
(396, 22),
(396, 6),
(397, 1),
(397, 8),
(397, 13),
(397, 16),
(398, 3),
(398, 10),
(398, 17),
(399, 3),
(400, 21),
(401, 16),
(401, 24),
(402, 16),
(403, 3),
(404, 4),
(404, 24),
(404, 18),
(405, 1),
(406, 7),
(407, 15),
(407, 8),
(408, 19),
(408, 23),
(409, 18),
(410, 1),
(411, 21),
(411, 22),
(411, 8),
(412, 2),
(413, 8),
(413, 4),
(413, 23),
(414, 9),
(414, 11),
(415, 8),
(416, 4),
(416, 2),
(417, 7),
(418, 17),
(418, 6),
(418, 14),
(419, 22),
(420, 1),
(421, 6),
(421, 23),
(422, 8),
(423, 22),
(424, 11),
(424, 14),
(424, 24),
(425, 21),
(425, 13),
(425, 9),
(425, 15),
(426, 18),
(427, 23),
(427, 16),
(428, 4),
(429, 25),
(430, 21),
(431, 13),
(431, 5),
(432, 1),
(433, 22),
(434, 25),
(434, 11),
(435, 13),
(436, 5),
(436, 6),
(437, 3),
(437, 10),
(437, 20),
(437, 2),
(438, 8),
(438, 9),
(439, 14),
(439, 4),
(439, 6),
(440, 21),
(441, 9),
(441, 5),
(441, 15),
(442, 21),
(443, 23),
(443, 13),
(443, 25),
(444, 20),
(444, 11),
(444, 6),
(445, 17),
(446, 21),
(446, 12),
(446, 17),
(446, 6),
(447, 5),
(448, 6),
(449, 9),
(449, 23),
(449, 24),
(450, 14),
(451, 24),
(451, 4),
(451, 5),
(452, 20),
(452, 21),
(452, 5),
(453, 2),
(454, 24),
(455, 8),
(456, 1),
(457, 20),
(458, 8),
(458, 10),
(458, 7),
(459, 6),
(460, 6),
(461, 20),
(461, 15),
(462, 5),
(463, 8),
(463, 21),
(463, 5),
(464, 19),
(464, 10),
(464, 24),
(465, 16),
(466, 23),
(466, 5),
(467, 15),
(468, 19),
(468, 16),
(469, 2),
(469, 13),
(469, 22),
(470, 23),
(471, 19),
(472, 24),
(473, 7),
(473, 18),
(474, 25),
(474, 14),
(475, 5),
(476, 15),
(476, 13),
(477, 24),
(478, 22),
(479, 9),
(479, 19),
(479, 6),
(480, 2),
(481, 6),
(481, 8),
(482, 16),
(483, 9),
(483, 14),
(483, 7),
(483, 1),
(484, 9),
(485, 16),
(486, 24),
(487, 5),
(487, 16),
(488, 19),
(489, 14),
(489, 9),
(489, 13),
(490, 20),
(491, 9),
(492, 1),
(493, 8),
(493, 3),
(493, 12),
(493, 23),
(494, 24),
(494, 2),
(495, 11),
(495, 6),
(495, 18),
(495, 7),
(496, 14),
(496, 15),
(496, 21),
(497, 22),
(497, 21),
(498, 6),
(498, 4),
(499, 7),
(499, 15),
(499, 18),
(500, 23),
(500, 18),
(501, 18),
(501, 13),
(502, 19),
(502, 18),
(503, 12),
(504, 7),
(505, 25),
(506, 25),
(506, 7),
(507, 6),
(508, 4),
(509, 7),
(509, 2),
(510, 22),
(511, 16),
(512, 4),
(512, 25),
(513, 3),
(514, 13),
(514, 12),
(515, 10),
(515, 22),
(515, 4),
(516, 6),
(517, 5),
(517, 8),
(517, 13),
(518, 20),
(518, 6),
(518, 23),
(519, 6),
(519, 15),
(520, 4),
(520, 6),
(520, 14),
(521, 10),
(522, 12),
(523, 4),
(524, 4),
(525, 8),
(526, 14),
(526, 18),
(527, 14),
(528, 18),
(529, 6),
(529, 11),
(530, 2),
(530, 7),
(530, 4),
(531, 3),
(532, 24),
(532, 13),
(533, 22),
(533, 24),
(533, 14),
(533, 25),
(534, 9),
(534, 18),
(534, 12),
(535, 22),
(535, 8),
(535, 11),
(536, 23),
(537, 1),
(537, 21),
(537, 12),
(537, 17),
(538, 12),
(539, 10),
(540, 15),
(541, 16),
(541, 23),
(541, 12),
(542, 23),
(543, 17),
(544, 24),
(545, 7),
(545, 8),
(546, 5),
(547, 20),
(548, 20),
(549, 17),
(549, 13),
(549, 7),
(550, 18),
(551, 16),
(552, 8),
(552, 3),
(553, 4),
(554, 5),
(555, 16),
(556, 16),
(556, 22),
(557, 13),
(558, 1),
(559, 6),
(559, 25),
(559, 10),
(560, 17),
(560, 13),
(560, 20),
(560, 24),
(561, 11),
(561, 20),
(562, 14),
(563, 22),
(564, 22),
(564, 5),
(565, 16),
(565, 17),
(566, 17),
(566, 13),
(566, 23),
(567, 3),
(567, 2),
(567, 7),
(568, 6),
(569, 9),
(569, 8),
(570, 13),
(570, 3),
(571, 13),
(572, 17),
(572, 22),
(572, 8),
(573, 13),
(574, 23),
(574, 12),
(575, 15),
(575, 13),
(576, 22),
(577, 17),
(578, 10),
(579, 9),
(580, 18),
(580, 1),
(580, 21),
(581, 2),
(581, 20),
(581, 16),
(582, 6),
(582, 17),
(582, 8),
(583, 8),
(583, 12),
(583, 23),
(584, 1),
(585, 16),
(586, 22),
(586, 20),
(587, 20),
(588, 6),
(589, 15),
(590, 1),
(590, 25),
(591, 17),
(592, 19),
(593, 23),
(594, 7),
(594, 15),
(594, 17),
(595, 16),
(595, 22),
(595, 9),
(596, 13),
(596, 1),
(597, 19),
(598, 11),
(599, 15),
(600, 17),
(600, 12),
(601, 6),
(602, 9),
(603, 7),
(604, 16),
(605, 24),
(606, 23),
(607, 11),
(608, 13),
(609, 21),
(609, 7),
(609, 3),
(610, 12),
(611, 22),
(612, 20),
(613, 2),
(613, 24),
(613, 6),
(614, 4),
(614, 23),
(614, 24),
(614, 9),
(615, 23),
(615, 18),
(615, 13),
(615, 21),
(616, 8),
(616, 21),
(617, 10),
(618, 12),
(618, 13),
(618, 19),
(619, 11),
(619, 8),
(620, 14),
(621, 24),
(621, 18),
(622, 2),
(623, 20),
(623, 8),
(624, 3),
(625, 14),
(626, 21),
(627, 13),
(627, 16),
(628, 20),
(629, 16),
(630, 15),
(631, 24),
(631, 6),
(632, 22),
(632, 4),
(633, 8),
(633, 17),
(634, 22),
(635, 7),
(636, 12),
(637, 22),
(637, 16),
(638, 9),
(639, 4),
(640, 10),
(640, 4),
(640, 21),
(640, 7),
(641, 16),
(641, 25),
(642, 22),
(642, 25),
(643, 1),
(644, 24),
(644, 5),
(644, 18),
(645, 10),
(645, 5),
(645, 11),
(646, 6),
(646, 10),
(647, 1),
(647, 7),
(647, 3),
(648, 22),
(649, 14),
(649, 7),
(650, 5),
(650, 20),
(650, 1),
(651, 17),
(652, 20),
(652, 24),
(652, 16),
(653, 21),
(653, 5),
(654, 9),
(654, 3),
(655, 25),
(655, 24),
(656, 6),
(657, 8),
(657, 5),
(657, 3),
(658, 18),
(659, 3),
(659, 11),
(659, 25),
(660, 13),
(661, 19),
(661, 2),
(661, 17),
(662, 24),
(663, 24),
(663, 23),
(664, 1),
(665, 6),
(665, 16),
(666, 15),
(667, 16),
(668, 2),
(669, 23),
(670, 17),
(671, 18),
(672, 24),
(673, 17),
(674, 4),
(674, 2),
(675, 19),
(675, 6),
(676, 10),
(677, 11),
(678, 17),
(679, 21),
(680, 8),
(680, 18),
(681, 14),
(682, 9),
(682, 19),
(683, 11),
(684, 18),
(685, 3),
(685, 21),
(686, 22),
(686, 10),
(686, 13),
(687, 3),
(687, 14),
(688, 2),
(689, 24),
(689, 6),
(690, 2),
(690, 6),
(691, 13),
(691, 23),
(692, 21),
(692, 23),
(693, 5),
(693, 19),
(694, 8),
(694, 13),
(694, 21),
(695, 25),
(696, 9),
(696, 10),
(697, 14),
(697, 10),
(698, 24),
(698, 4),
(698, 9),
(699, 7),
(700, 12),
(701, 14),
(701, 22),
(701, 21),
(702, 2),
(702, 19),
(703, 17),
(703, 14),
(704, 24),
(704, 2),
(705, 9),
(706, 2),
(707, 16),
(708, 4),
(708, 24),
(709, 7),
(710, 15),
(710, 22),
(711, 15),
(712, 7),
(712, 18),
(712, 9),
(713, 15),
(714, 6),
(715, 25),
(716, 18),
(716, 1),
(716, 11),
(717, 15),
(717, 6),
(718, 22),
(719, 22),
(720, 24),
(721, 2),
(721, 17),
(721, 20),
(722, 6),
(723, 7),
(724, 12),
(724, 2),
(725, 25),
(725, 19),
(725, 12),
(726, 9),
(727, 10),
(727, 8),
(728, 7),
(728, 5),
(729, 23),
(729, 5),
(729, 1),
(730, 7),
(731, 14),
(732, 8),
(732, 11),
(733, 23),
(733, 16),
(734, 11),
(734, 9),
(734, 16),
(734, 24),
(735, 15),
(735, 4),
(736, 22),
(737, 19),
(738, 9),
(738, 14),
(739, 3),
(740, 8),
(740, 3),
(741, 20),
(741, 13),
(742, 2),
(742, 1),
(743, 24),
(743, 23),
(744, 10),
(745, 6),
(745, 16),
(745, 3),
(746, 13),
(746, 4),
(747, 17),
(747, 5),
(748, 2),
(749, 18),
(750, 23),
(750, 10),
(751, 19),
(751, 9),
(751, 4),
(751, 17),
(752, 23),
(752, 5),
(752, 1),
(753, 2),
(754, 10),
(754, 1),
(754, 15),
(755, 18),
(756, 11),
(757, 6),
(757, 20),
(757, 1),
(758, 16),
(758, 6),
(758, 21),
(759, 19),
(759, 12),
(759, 23),
(760, 13),
(761, 5),
(762, 24),
(762, 10),
(763, 2),
(764, 11),
(765, 18),
(765, 17),
(765, 23),
(765, 12),
(766, 12),
(767, 9),
(767, 24),
(768, 23),
(768, 7),
(768, 18),
(768, 19),
(769, 9),
(770, 25),
(770, 23),
(771, 10),
(771, 7),
(772, 6),
(773, 10),
(774, 1),
(774, 14),
(774, 3),
(775, 24),
(775, 19),
(775, 1),
(776, 22),
(777, 12),
(777, 18),
(777, 20),
(778, 15),
(779, 17),
(779, 19),
(780, 5),
(780, 1),
(781, 7),
(782, 7),
(783, 22),
(784, 19),
(784, 13),
(784, 7),
(785, 25),
(785, 2),
(786, 22),
(787, 5),
(787, 17),
(787, 14),
(788, 2),
(788, 8),
(788, 9),
(789, 5),
(790, 19),
(790, 2),
(791, 21),
(791, 7),
(791, 18),
(792, 7),
(793, 3),
(793, 10),
(793, 16),
(794, 8),
(795, 23),
(795, 2),
(796, 1),
(797, 25),
(798, 4),
(798, 24),
(798, 17),
(799, 15),
(800, 12),
(800, 11),
(801, 21),
(801, 25),
(802, 23),
(802, 7),
(803, 3),
(803, 4),
(804, 16),
(805, 23),
(805, 13),
(805, 22),
(805, 18),
(806, 8),
(806, 1),
(807, 3),
(807, 12),
(807, 10),
(808, 19),
(809, 7),
(809, 5),
(810, 3),
(811, 22),
(812, 8),
(813, 16),
(813, 13),
(814, 14),
(815, 19),
(816, 1),
(816, 11),
(816, 4),
(817, 14),
(817, 18),
(818, 5),
(819, 20),
(819, 19),
(819, 13),
(819, 22),
(820, 7),
(821, 15),
(821, 1),
(821, 6),
(822, 13),
(823, 2),
(824, 17),
(825, 2),
(825, 15),
(826, 9),
(827, 21),
(827, 7),
(828, 5),
(829, 2),
(830, 2),
(830, 19),
(830, 6),
(830, 22),
(831, 24),
(832, 13),
(832, 5),
(833, 3),
(834, 20),
(835, 25),
(836, 24),
(836, 8),
(836, 19),
(837, 24),
(837, 8),
(837, 5),
(838, 2),
(838, 6),
(839, 22),
(840, 5),
(840, 22),
(841, 1),
(842, 20),
(842, 16),
(842, 9),
(842, 6),
(843, 2),
(844, 16),
(845, 5),
(845, 16),
(846, 15),
(847, 25),
(848, 18),
(849, 11),
(849, 7),
(850, 13),
(850, 12),
(851, 15),
(851, 25),
(852, 10),
(853, 4),
(853, 19),
(854, 9),
(855, 1),
(855, 11),
(855, 9),
(856, 25),
(856, 7),
(857, 6),
(857, 23),
(858, 2),
(858, 22),
(859, 11),
(859, 16),
(860, 2),
(860, 4),
(861, 19),
(862, 24),
(862, 22),
(862, 13),
(862, 15),
(863, 4),
(864, 20),
(865, 21),
(866, 3),
(866, 8),
(866, 11),
(867, 14),
(867, 1),
(867, 15),
(868, 7),
(869, 5),
(869, 19),
(870, 21),
(871, 19),
(872, 4),
(873, 6),
(873, 7),
(874, 22),
(875, 20),
(875, 18),
(876, 10),
(877, 1),
(878, 4),
(879, 10),
(879, 19),
(879, 13),
(880, 4),
(880, 1),
(880, 3),
(881, 11),
(882, 18),
(883, 22),
(883, 10),
(883, 19),
(884, 11),
(884, 4),
(884, 2),
(885, 25),
(886, 17),
(887, 19),
(887, 5),
(887, 6),
(887, 13),
(888, 20),
(888, 6),
(888, 3),
(889, 19),
(890, 7),
(890, 25),
(891, 12),
(891, 6),
(892, 12),
(892, 22),
(892, 5),
(892, 1),
(893, 20),
(894, 23),
(894, 12),
(895, 3),
(896, 2),
(897, 15),
(898, 1),
(898, 25),
(899, 21),
(899, 14),
(900, 2),
(901, 16),
(902, 14),
(903, 14),
(904, 4),
(904, 25),
(904, 14),
(905, 9),
(906, 21),
(907, 25),
(907, 20),
(907, 6),
(908, 24),
(909, 20),
(909, 22),
(910, 22),
(911, 5),
(912, 13),
(912, 1),
(913, 1),
(914, 4),
(914, 3),
(914, 19),
(915, 13),
(915, 8),
(916, 14),
(916, 16),
(917, 19),
(917, 25),
(918, 5),
(918, 14),
(919, 13),
(920, 4),
(920, 25),
(920, 20),
(921, 8),
(922, 4),
(923, 2),
(923, 14),
(924, 16),
(925, 21),
(926, 24),
(926, 17),
(927, 10),
(928, 21),
(929, 4),
(930, 15),
(931, 11),
(931, 1),
(931, 19),
(932, 23),
(933, 24),
(933, 20),
(933, 4),
(934, 19),
(935, 13),
(936, 25),
(936, 24),
(936, 8),
(937, 12),
(938, 3),
(938, 19),
(938, 9),
(939, 16),
(939, 20),
(939, 9),
(940, 11),
(940, 18),
(941, 11),
(941, 13),
(941, 21),
(942, 16),
(942, 3),
(943, 14),
(944, 15),
(945, 11),
(946, 24),
(947, 13),
(948, 25),
(948, 10),
(949, 9),
(950, 20),
(951, 23),
(951, 9),
(952, 23),
(952, 15),
(952, 24),
(952, 4),
(953, 22),
(953, 23),
(953, 17),
(954, 2),
(954, 3),
(954, 21),
(955, 13),
(956, 5),
(957, 21),
(957, 6),
(957, 14),
(958, 23),
(959, 19),
(959, 3),
(960, 3),
(961, 12),
(962, 5),
(963, 24),
(963, 10),
(964, 1),
(965, 25),
(965, 13),
(966, 19),
(966, 5),
(966, 25),
(966, 3),
(967, 18),
(968, 13),
(968, 6),
(968, 11),
(968, 21),
(969, 10),
(970, 3),
(970, 2),
(971, 3),
(971, 15),
(972, 6),
(973, 7),
(973, 20),
(973, 4),
(974, 10),
(974, 23),
(975, 8),
(976, 9),
(976, 15),
(977, 23),
(978, 8),
(978, 20),
(978, 12),
(979, 16),
(980, 16),
(981, 18),
(982, 8),
(982, 19),
(982, 22),
(983, 1),
(983, 6),
(983, 11),
(983, 16),
(984, 10),
(985, 17),
(986, 17),
(986, 3),
(987, 7),
(987, 25),
(988, 13),
(988, 4),
(988, 24),
(989, 1),
(989, 2),
(990, 22),
(990, 24),
(990, 14),
(991, 22),
(992, 17),
(993, 15),
(994, 16),
(995, 8),
(996, 17),
(997, 14),
(998, 6),
(998, 14),
(999, 17),
(999, 21),
(999, 8),
(1000, 3),
(1000, 17),
(1000, 23),
(1001, 6),
(1002, 3),
(1003, 2),
(1003, 16),
(1003, 1),
(1004, 15),
(1004, 23),
(1005, 13),
(1005, 8),
(1006, 5),
(1006, 17),
(1007, 15),
(1008, 19),
(1009, 7),
(1009, 17),
(1009, 13),
(1010, 3),
(1010, 20),
(1011, 18),
(1012, 20),
(1012, 12),
(1013, 21),
(1014, 12),
(1015, 14),
(1016, 4),
(1016, 8),
(1016, 22),
(1016, 20),
(1017, 15),
(1017, 7),
(1017, 9),
(1017, 13),
(1018, 3),
(1019, 25),
(1019, 21),
(1019, 16),
(1020, 22),
(1020, 18),
(1021, 23),
(1021, 10),
(1021, 9),
(1021, 6),
(1022, 20),
(1022, 24),
(1023, 22),
(1024, 2),
(1024, 12),
(1024, 16),
(1025, 17),
(1025, 14),
(1025, 20),
(1025, 15),
(1026, 9),
(1027, 6),
(1027, 2),
(1028, 10),
(1029, 8),
(1029, 22),
(1030, 5),
(1031, 2),
(1032, 5),
(1033, 20),
(1034, 3),
(1035, 7),
(1035, 16),
(1035, 11),
(1036, 11),
(1036, 9),
(1037, 8),
(1038, 2),
(1038, 16),
(1039, 11),
(1040, 12),
(1041, 10),
(1041, 9),
(1042, 9),
(1043, 19),
(1043, 6),
(1043, 12),
(1044, 5),
(1045, 22),
(1046, 3),
(1047, 18),
(1048, 18),
(1048, 12),
(1049, 10),
(1050, 5),
(1051, 25),
(1052, 17),
(1053, 14),
(1053, 13),
(1053, 15),
(1054, 12),
(1054, 6),
(1054, 9),
(1055, 25),
(1056, 13),
(1056, 15),
(1056, 2),
(1056, 3),
(1057, 20),
(1057, 6),
(1058, 1),
(1059, 2),
(1060, 16),
(1061, 8),
(1062, 13),
(1063, 8),
(1063, 15),
(1063, 6),
(1064, 1),
(1064, 14),
(1065, 17),
(1066, 13),
(1067, 19),
(1068, 20),
(1068, 5),
(1068, 24),
(1069, 16),
(1070, 8),
(1071, 3),
(1072, 16),
(1072, 23),
(1073, 2),
(1074, 13),
(1075, 11),
(1075, 2),
(1076, 14),
(1077, 24),
(1077, 1),
(1078, 15),
(1078, 21),
(1078, 9),
(1079, 14),
(1079, 8),
(1079, 19),
(1080, 19),
(1080, 18),
(1081, 23),
(1081, 18),
(1082, 21),
(1082, 25),
(1083, 8),
(1084, 16),
(1084, 18),
(1085, 6),
(1086, 12),
(1087, 17),
(1088, 17),
(1089, 6),
(1089, 19),
(1089, 7),
(1090, 1),
(1091, 21),
(1091, 12),
(1091, 16),
(1092, 23),
(1093, 23),
(1093, 4),
(1093, 25),
(1093, 18),
(1094, 10),
(1095, 25),
(1095, 12),
(1095, 14),
(1096, 2),
(1097, 18),
(1098, 17),
(1098, 20),
(1099, 6),
(1099, 22),
(1100, 14),
(1101, 1),
(1101, 17),
(1102, 23),
(1103, 6),
(1103, 10),
(1103, 5),
(1104, 2),
(1104, 6),
(1105, 7),
(1106, 21),
(1107, 13),
(1107, 11),
(1107, 17),
(1107, 9),
(1108, 19),
(1108, 24),
(1108, 10),
(1109, 12),
(1109, 7),
(1109, 20),
(1110, 13),
(1111, 16),
(1111, 22),
(1111, 23),
(1112, 23),
(1112, 10),
(1113, 20),
(1113, 18),
(1114, 13),
(1115, 9),
(1116, 25),
(1117, 5),
(1118, 15),
(1119, 1),
(1119, 17),
(1119, 12),
(1120, 17),
(1121, 13),
(1122, 25),
(1122, 8),
(1122, 21),
(1123, 23),
(1124, 3),
(1124, 21),
(1124, 23),
(1125, 8),
(1126, 14),
(1126, 4),
(1127, 25),
(1128, 23),
(1129, 25),
(1129, 9),
(1129, 13),
(1130, 15),
(1130, 8),
(1131, 6),
(1132, 2),
(1133, 14),
(1134, 10),
(1134, 16),
(1135, 18),
(1136, 6),
(1136, 25),
(1136, 15),
(1137, 11),
(1137, 7),
(1137, 3),
(1137, 13),
(1138, 3),
(1139, 17),
(1140, 6),
(1141, 8),
(1142, 11),
(1143, 12),
(1143, 4),
(1143, 19),
(1143, 24),
(1144, 1),
(1145, 20),
(1145, 7),
(1146, 25),
(1146, 1),
(1147, 7),
(1147, 21),
(1148, 1),
(1149, 9),
(1150, 12),
(1150, 9),
(1151, 24),
(1151, 14),
(1152, 21),
(1153, 15),
(1153, 2),
(1154, 4),
(1155, 20),
(1155, 8),
(1155, 14),
(1156, 23),
(1156, 8),
(1157, 1),
(1158, 4),
(1158, 18),
(1159, 1),
(1159, 11),
(1160, 9),
(1160, 25),
(1160, 10),
(1161, 23),
(1162, 15),
(1162, 20),
(1163, 15),
(1164, 7),
(1165, 2),
(1166, 15),
(1167, 13),
(1167, 17),
(1167, 14),
(1168, 11),
(1169, 1),
(1169, 7),
(1169, 9),
(1170, 22),
(1170, 21),
(1170, 20),
(1171, 23),
(1171, 14),
(1171, 11),
(1172, 6),
(1173, 16),
(1174, 14),
(1175, 8),
(1176, 8),
(1177, 7),
(1178, 8),
(1179, 10),
(1179, 4),
(1180, 17),
(1181, 20),
(1182, 20),
(1183, 2),
(1183, 12),
(1183, 20),
(1184, 5),
(1185, 17),
(1185, 25),
(1186, 22),
(1187, 15),
(1187, 22),
(1187, 2),
(1188, 4),
(1188, 22),
(1189, 5),
(1189, 25),
(1190, 24),
(1191, 8),
(1192, 25),
(1193, 14),
(1194, 25),
(1195, 19),
(1196, 9),
(1197, 24),
(1198, 13),
(1198, 19),
(1199, 11),
(1200, 23),
(1200, 1),
(1201, 21),
(1202, 10),
(1202, 4),
(1202, 23),
(1203, 2),
(1203, 1),
(1204, 13),
(1204, 1),
(1205, 8),
(1205, 23),
(1206, 13),
(1207, 17),
(1207, 14),
(1207, 5),
(1208, 2),
(1209, 21),
(1210, 9),
(1211, 6),
(1212, 12),
(1212, 11),
(1213, 6),
(1213, 17),
(1214, 11),
(1214, 4),
(1214, 15),
(1215, 13),
(1216, 25),
(1217, 11),
(1217, 2),
(1218, 2),
(1219, 20),
(1219, 25),
(1220, 15),
(1221, 17),
(1222, 16),
(1222, 9),
(1223, 20),
(1224, 25),
(1225, 7),
(1226, 6),
(1226, 5),
(1227, 10),
(1227, 14),
(1228, 2),
(1228, 13),
(1229, 6),
(1230, 3),
(1231, 2),
(1232, 5),
(1233, 7),
(1233, 1),
(1233, 19),
(1234, 15),
(1235, 8),
(1236, 24),
(1236, 12),
(1236, 16),
(1237, 23),
(1238, 7),
(1239, 17),
(1240, 5),
(1240, 14),
(1241, 6),
(1241, 22),
(1242, 12),
(1243, 15),
(1244, 9),
(1244, 17),
(1245, 22),
(1245, 9),
(1246, 23),
(1247, 12),
(1247, 9),
(1247, 10),
(1248, 10),
(1249, 23),
(1249, 16),
(1250, 16),
(1250, 9),
(1251, 4),
(1252, 22),
(1253, 13),
(1253, 8),
(1253, 19),
(1254, 14),
(1255, 21),
(1256, 19),
(1256, 20),
(1257, 6),
(1258, 7),
(1258, 22),
(1258, 14),
(1259, 7),
(1260, 17),
(1261, 4),
(1261, 15),
(1262, 25),
(1262, 23),
(1263, 5),
(1264, 12),
(1265, 8),
(1265, 14),
(1265, 24),
(1266, 24),
(1266, 21),
(1267, 24),
(1268, 2),
(1268, 21),
(1269, 8),
(1270, 14),
(1271, 13),
(1272, 23),
(1273, 1),
(1273, 13),
(1274, 25),
(1274, 10),
(1274, 23),
(1275, 15),
(1276, 11),
(1277, 16),
(1277, 8),
(1278, 15),
(1278, 14),
(1278, 19),
(1279, 14),
(1279, 12),
(1279, 20),
(1280, 11),
(1280, 16),
(1280, 17),
(1281, 6),
(1282, 18),
(1282, 25),
(1283, 15),
(1283, 17),
(1283, 12),
(1284, 1),
(1285, 20),
(1286, 3),
(1287, 19),
(1288, 11),
(1289, 9),
(1289, 10),
(1290, 8),
(1290, 20),
(1291, 8),
(1291, 1),
(1291, 25),
(1292, 24),
(1292, 6),
(1293, 15),
(1294, 22),
(1295, 25),
(1296, 19),
(1297, 9),
(1298, 11),
(1298, 23),
(1299, 20),
(1299, 24),
(1300, 23),
(1300, 25),
(1300, 16),
(1301, 17),
(1302, 19),
(1302, 23),
(1302, 5),
(1303, 12),
(1304, 16),
(1305, 20),
(1306, 5),
(1307, 4),
(1307, 13),
(1307, 5),
(1308, 10),
(1308, 5),
(1308, 15),
(1309, 25),
(1310, 2),
(1310, 4),
(1310, 16),
(1310, 5),
(1311, 2),
(1311, 7),
(1311, 21),
(1312, 21),
(1313, 7),
(1313, 2),
(1314, 18),
(1315, 14),
(1316, 18),
(1317, 4),
(1318, 3),
(1319, 1),
(1319, 16),
(1320, 4),
(1321, 4),
(1322, 13),
(1323, 11),
(1324, 21),
(1325, 2),
(1326, 15),
(1326, 7),
(1327, 11),
(1328, 1),
(1329, 4),
(1329, 20),
(1330, 2),
(1331, 12),
(1332, 25),
(1332, 9),
(1333, 14),
(1333, 10),
(1333, 25),
(1334, 21),
(1334, 8),
(1335, 18),
(1336, 7),
(1337, 23),
(1337, 11),
(1338, 23),
(1339, 4),
(1340, 20),
(1341, 4),
(1341, 5),
(1341, 10),
(1342, 7),
(1342, 15),
(1342, 19),
(1343, 17),
(1344, 21),
(1344, 15),
(1344, 11),
(1345, 5),
(1346, 14),
(1346, 15),
(1347, 11),
(1347, 13),
(1348, 11),
(1348, 2),
(1348, 20),
(1349, 13),
(1349, 6),
(1349, 3),
(1349, 24),
(1350, 6),
(1351, 22),
(1352, 14),
(1353, 10),
(1354, 6),
(1355, 16),
(1355, 20),
(1356, 19),
(1356, 1),
(1356, 4),
(1357, 14),
(1358, 5),
(1359, 6),
(1360, 7),
(1360, 5),
(1361, 17),
(1361, 4),
(1362, 18),
(1363, 14),
(1363, 17),
(1364, 23),
(1364, 13),
(1365, 9),
(1365, 4),
(1366, 13),
(1367, 7),
(1368, 4),
(1368, 12),
(1369, 15),
(1370, 16),
(1370, 8),
(1371, 18),
(1372, 4),
(1372, 16),
(1372, 19),
(1373, 3),
(1373, 2),
(1374, 16),
(1375, 4),
(1375, 18),
(1375, 19),
(1375, 23),
(1376, 5),
(1376, 18),
(1376, 10),
(1377, 2),
(1377, 12),
(1377, 3),
(1378, 25),
(1379, 3),
(1380, 25),
(1380, 2),
(1380, 13),
(1381, 2),
(1381, 7),
(1382, 18),
(1383, 18),
(1383, 4),
(1384, 1),
(1384, 20),
(1385, 1),
(1385, 8),
(1385, 17),
(1386, 13),
(1387, 21),
(1387, 18),
(1388, 5),
(1389, 6),
(1390, 18),
(1390, 24),
(1391, 13),
(1391, 17),
(1391, 11),
(1392, 22),
(1392, 10),
(1393, 4),
(1393, 17),
(1393, 23),
(1394, 9),
(1394, 6),
(1395, 13),
(1396, 7),
(1396, 9),
(1397, 3),
(1397, 8),
(1398, 11),
(1399, 24),
(1400, 6),
(1400, 9),
(1400, 17),
(1401, 9),
(1402, 23),
(1403, 22),
(1404, 12),
(1404, 1),
(1404, 19),
(1405, 9),
(1405, 25),
(1406, 10),
(1407, 21),
(1407, 13),
(1408, 2),
(1409, 12),
(1409, 10),
(1410, 8),
(1411, 22),
(1412, 14),
(1413, 14),
(1414, 3),
(1415, 21),
(1416, 6),
(1416, 14),
(1416, 20),
(1417, 13),
(1417, 20),
(1417, 3),
(1417, 24),
(1418, 22),
(1419, 13),
(1420, 18),
(1420, 4),
(1421, 9),
(1422, 13),
(1423, 12),
(1423, 18),
(1423, 3),
(1424, 4),
(1424, 10),
(1425, 22),
(1425, 5),
(1425, 6),
(1426, 2),
(1427, 16),
(1427, 22),
(1427, 1),
(1428, 14),
(1429, 3),
(1429, 4),
(1429, 10),
(1429, 6),
(1430, 4),
(1430, 25),
(1431, 6),
(1432, 6),
(1432, 18),
(1432, 20),
(1433, 22),
(1434, 14),
(1434, 18),
(1435, 8),
(1436, 21),
(1437, 23),
(1437, 20),
(1437, 10),
(1438, 8),
(1438, 15),
(1439, 2),
(1439, 5),
(1439, 12),
(1440, 24),
(1441, 8),
(1441, 22),
(1442, 6),
(1442, 20),
(1443, 20),
(1444, 10),
(1444, 25),
(1445, 10),
(1445, 6),
(1446, 23),
(1446, 24),
(1447, 18),
(1448, 15),
(1448, 4),
(1448, 10),
(1449, 20),
(1449, 18),
(1450, 11),
(1451, 24),
(1452, 21),
(1452, 6),
(1453, 8),
(1454, 13),
(1454, 5),
(1455, 16),
(1456, 9),
(1456, 13),
(1456, 18),
(1457, 22),
(1458, 13),
(1459, 21),
(1459, 24),
(1460, 3),
(1461, 24),
(1462, 11),
(1463, 4),
(1463, 3),
(1464, 1),
(1464, 12),
(1464, 21),
(1465, 20),
(1466, 4),
(1466, 23),
(1466, 22),
(1467, 1),
(1467, 20),
(1467, 25),
(1468, 1),
(1469, 25),
(1469, 17),
(1470, 1),
(1470, 17),
(1470, 10),
(1471, 23),
(1472, 17),
(1472, 13),
(1473, 15),
(1473, 4),
(1474, 12),
(1474, 5),
(1474, 24),
(1474, 23),
(1475, 3),
(1476, 8),
(1476, 13),
(1476, 17),
(1477, 1),
(1477, 23),
(1477, 25),
(1478, 25),
(1479, 9),
(1479, 17),
(1480, 2),
(1481, 4),
(1482, 19),
(1483, 4),
(1484, 17),
(1484, 5),
(1484, 1),
(1485, 17),
(1486, 23),
(1487, 7),
(1488, 7),
(1488, 16),
(1489, 5),
(1490, 13),
(1491, 2),
(1492, 19),
(1493, 22),
(1494, 2),
(1495, 16),
(1496, 20),
(1496, 12),
(1497, 20),
(1498, 1),
(1498, 2),
(1499, 21),
(1500, 21),
(1500, 16),
(1501, 19),
(1502, 11),
(1503, 3),
(1503, 25),
(1504, 21),
(1504, 1),
(1504, 9),
(1505, 12),
(1505, 5),
(1506, 2),
(1506, 21),
(1507, 10),
(1508, 4),
(1509, 9),
(1510, 15),
(1510, 10),
(1511, 15),
(1512, 18),
(1512, 3),
(1512, 4),
(1513, 6),
(1513, 14),
(1514, 22),
(1515, 1),
(1516, 25),
(1517, 12),
(1518, 20),
(1518, 2),
(1518, 21),
(1519, 17),
(1519, 8),
(1519, 19),
(1520, 25),
(1520, 5),
(1521, 18),
(1521, 9),
(1521, 15),
(1521, 2),
(1522, 18),
(1522, 24),
(1523, 20),
(1524, 22),
(1525, 17),
(1525, 7),
(1526, 14),
(1527, 1),
(1527, 23),
(1527, 11),
(1527, 7),
(1528, 1),
(1529, 11),
(1529, 17),
(1530, 20),
(1531, 14),
(1532, 4),
(1533, 21),
(1533, 8),
(1533, 11),
(1533, 5),
(1534, 6),
(1534, 20),
(1535, 1),
(1535, 21),
(1536, 10),
(1536, 4),
(1536, 21),
(1537, 3),
(1537, 2),
(1538, 2),
(1539, 9),
(1539, 24),
(1540, 25),
(1540, 17),
(1540, 14),
(1541, 10),
(1542, 16),
(1542, 10),
(1542, 25),
(1543, 9),
(1544, 23),
(1545, 21),
(1545, 12),
(1545, 1),
(1546, 22),
(1547, 23),
(1548, 5),
(1549, 18),
(1549, 19),
(1550, 23),
(1550, 20),
(1551, 3),
(1552, 19),
(1553, 11),
(1554, 10),
(1554, 6),
(1554, 13),
(1555, 21),
(1556, 11),
(1557, 23),
(1558, 12),
(1559, 20),
(1560, 10),
(1561, 23),
(1562, 19),
(1563, 15),
(1563, 6),
(1563, 8),
(1564, 2),
(1565, 1),
(1565, 20),
(1566, 15),
(1566, 3),
(1567, 5),
(1568, 15),
(1568, 13),
(1568, 8),
(1569, 21),
(1570, 4),
(1571, 19),
(1572, 5),
(1573, 11),
(1573, 23),
(1574, 9),
(1575, 10),
(1576, 8),
(1577, 4),
(1577, 21),
(1578, 23),
(1579, 15),
(1580, 6),
(1581, 22),
(1581, 1),
(1582, 23),
(1582, 4),
(1583, 22),
(1584, 9),
(1585, 14),
(1585, 15),
(1586, 14),
(1586, 5),
(1587, 1),
(1587, 14),
(1587, 9),
(1588, 12),
(1588, 14),
(1588, 10),
(1589, 25),
(1589, 10),
(1590, 2),
(1590, 13),
(1590, 5),
(1591, 20),
(1591, 16),
(1592, 10),
(1592, 18),
(1593, 20),
(1593, 23),
(1593, 10),
(1594, 13),
(1595, 21),
(1595, 9),
(1595, 15),
(1596, 8),
(1596, 17),
(1597, 23),
(1598, 18),
(1599, 4),
(1600, 21),
(1601, 14),
(1602, 10),
(1603, 4),
(1604, 6),
(1605, 7),
(1606, 1),
(1607, 8),
(1608, 22),
(1608, 8),
(1609, 24),
(1610, 10),
(1610, 7),
(1611, 5),
(1611, 23),
(1612, 16),
(1612, 20),
(1613, 7),
(1614, 3),
(1614, 25),
(1615, 14),
(1616, 10),
(1616, 11),
(1617, 23),
(1618, 9),
(1618, 6),
(1619, 6),
(1619, 20),
(1620, 2),
(1620, 6),
(1621, 19),
(1622, 24),
(1622, 19),
(1623, 8),
(1624, 4),
(1625, 10),
(1626, 3),
(1627, 15),
(1627, 24),
(1627, 10),
(1628, 14),
(1628, 21),
(1629, 9),
(1630, 10),
(1631, 14),
(1631, 6),
(1632, 16),
(1632, 11),
(1633, 7),
(1633, 2),
(1634, 23),
(1635, 17),
(1636, 3),
(1637, 13),
(1637, 1),
(1638, 5),
(1638, 24),
(1639, 24),
(1639, 23),
(1639, 2),
(1639, 7),
(1640, 18),
(1641, 7),
(1641, 4),
(1642, 8),
(1643, 14),
(1644, 15),
(1645, 8),
(1646, 18),
(1647, 13),
(1648, 16),
(1648, 15),
(1649, 23),
(1650, 12),
(1651, 24),
(1651, 13),
(1652, 11),
(1652, 18),
(1653, 8),
(1653, 14),
(1653, 15),
(1654, 17),
(1655, 3),
(1655, 20),
(1656, 16),
(1656, 20),
(1656, 4),
(1657, 17),
(1657, 16),
(1657, 22),
(1658, 17),
(1659, 19),
(1659, 12),
(1660, 1),
(1661, 9),
(1662, 21),
(1663, 18),
(1664, 5),
(1664, 17),
(1665, 18),
(1666, 11),
(1666, 17),
(1667, 14),
(1667, 5),
(1668, 21),
(1668, 10),
(1668, 19),
(1669, 18),
(1669, 17),
(1669, 16),
(1669, 10),
(1670, 7),
(1671, 4),
(1672, 8),
(1673, 13),
(1674, 17),
(1674, 14),
(1675, 5),
(1676, 9),
(1677, 9),
(1678, 21),
(1679, 13),
(1679, 2),
(1680, 23),
(1681, 24),
(1682, 20),
(1682, 14),
(1683, 10),
(1683, 18),
(1684, 4),
(1684, 23),
(1684, 24),
(1684, 11),
(1685, 10),
(1685, 9),
(1685, 8),
(1686, 12),
(1686, 23),
(1687, 6),
(1688, 7),
(1688, 13),
(1689, 6),
(1689, 16),
(1690, 12),
(1691, 8),
(1692, 18),
(1692, 22),
(1692, 19),
(1693, 22),
(1694, 8),
(1695, 10),
(1696, 10),
(1697, 15),
(1698, 10),
(1698, 14),
(1699, 9),
(1700, 19),
(1700, 14),
(1700, 5),
(1701, 6),
(1701, 17),
(1702, 16),
(1702, 15),
(1702, 5),
(1703, 5),
(1703, 25),
(1704, 13),
(1705, 12),
(1705, 4),
(1706, 17),
(1707, 12),
(1707, 7),
(1707, 21),
(1708, 18),
(1708, 12),
(1708, 17),
(1708, 8),
(1709, 3),
(1709, 20),
(1710, 23),
(1710, 19),
(1711, 12),
(1712, 23),
(1712, 20),
(1712, 10),
(1712, 16),
(1713, 17),
(1713, 3),
(1714, 15),
(1714, 18),
(1714, 20),
(1715, 9),
(1716, 10),
(1716, 14),
(1716, 9),
(1717, 5),
(1718, 11),
(1718, 20),
(1719, 23),
(1719, 10),
(1720, 15),
(1720, 3),
(1721, 13),
(1721, 23),
(1722, 17),
(1723, 11),
(1724, 21),
(1725, 20),
(1725, 9),
(1725, 2),
(1726, 22),
(1727, 20),
(1727, 25),
(1727, 12),
(1727, 11),
(1728, 17),
(1729, 24),
(1729, 10),
(1730, 1),
(1730, 16),
(1730, 17),
(1731, 12),
(1732, 18),
(1732, 5),
(1732, 11),
(1732, 21),
(1733, 23),
(1734, 14),
(1735, 21),
(1735, 18),
(1735, 16),
(1736, 19),
(1737, 9),
(1738, 15),
(1739, 22),
(1740, 6),
(1740, 7),
(1741, 2),
(1742, 17),
(1742, 1),
(1742, 22),
(1742, 6),
(1743, 17),
(1744, 14),
(1744, 5),
(1745, 21),
(1745, 16),
(1746, 15),
(1746, 3),
(1746, 11),
(1747, 20),
(1747, 6),
(1747, 22),
(1748, 16),
(1749, 9),
(1750, 12),
(1750, 18),
(1751, 5),
(1752, 18),
(1753, 20),
(1753, 2),
(1753, 3),
(1754, 25),
(1755, 11),
(1756, 23),
(1756, 2),
(1756, 1),
(1756, 21),
(1757, 9),
(1757, 8),
(1757, 15),
(1758, 5),
(1758, 16),
(1758, 6),
(1758, 4),
(1759, 24),
(1759, 5),
(1760, 22),
(1761, 13),
(1761, 14),
(1762, 5),
(1762, 13),
(1763, 16),
(1764, 12),
(1764, 8),
(1764, 10),
(1764, 17),
(1765, 16),
(1766, 16),
(1767, 20),
(1767, 3),
(1768, 8),
(1769, 7),
(1770, 4),
(1770, 5),
(1771, 16),
(1772, 2),
(1772, 19),
(1773, 16),
(1773, 9),
(1773, 10),
(1774, 15),
(1774, 22),
(1774, 3),
(1775, 18),
(1775, 19),
(1776, 20),
(1776, 17),
(1777, 18),
(1777, 24),
(1778, 6),
(1778, 7),
(1779, 22),
(1780, 5),
(1780, 18),
(1781, 14),
(1781, 12),
(1782, 15),
(1783, 18),
(1783, 8),
(1783, 1),
(1784, 22),
(1784, 2),
(1784, 11),
(1785, 17),
(1786, 23),
(1787, 4),
(1787, 1),
(1788, 7),
(1789, 24),
(1790, 1),
(1790, 16),
(1791, 5),
(1791, 13),
(1791, 2),
(1792, 13),
(1793, 14),
(1794, 22),
(1794, 21),
(1795, 3),
(1796, 5),
(1796, 12),
(1796, 1),
(1797, 23),
(1797, 1),
(1798, 14),
(1799, 15),
(1799, 1),
(1799, 3),
(1800, 13),
(1800, 7),
(1801, 10),
(1801, 7),
(1801, 25),
(1801, 13),
(1802, 2),
(1803, 25),
(1804, 5),
(1805, 1),
(1806, 19),
(1807, 8),
(1808, 3),
(1808, 10),
(1809, 5),
(1809, 3),
(1810, 20),
(1811, 3),
(1811, 23),
(1812, 2),
(1813, 24),
(1813, 7),
(1814, 4),
(1815, 10),
(1816, 3),
(1817, 15),
(1817, 6),
(1818, 21),
(1818, 24),
(1818, 9),
(1819, 5),
(1820, 14),
(1821, 7),
(1822, 21),
(1823, 25),
(1824, 8),
(1825, 17),
(1826, 14),
(1826, 15),
(1826, 6),
(1826, 13),
(1827, 15),
(1827, 20),
(1828, 4),
(1828, 2),
(1828, 22),
(1829, 16),
(1830, 11),
(1831, 11),
(1831, 4),
(1832, 2),
(1833, 21),
(1834, 14),
(1835, 3),
(1835, 11),
(1836, 23),
(1836, 7),
(1836, 6),
(1837, 18),
(1838, 13),
(1838, 4),
(1838, 11),
(1839, 11),
(1839, 3),
(1839, 12),
(1840, 5),
(1841, 11),
(1842, 4),
(1842, 3),
(1843, 18),
(1843, 10),
(1844, 3),
(1844, 9),
(1844, 8),
(1844, 4),
(1845, 4),
(1845, 11),
(1846, 22),
(1847, 11),
(1848, 20),
(1848, 7),
(1849, 12),
(1849, 14),
(1849, 13),
(1849, 6),
(1850, 11),
(1851, 11),
(1851, 14),
(1852, 5),
(1852, 14),
(1853, 21),
(1853, 25),
(1854, 2),
(1854, 5),
(1854, 8),
(1855, 16),
(1856, 8),
(1856, 14),
(1857, 13),
(1858, 8),
(1858, 18),
(1859, 10),
(1860, 21),
(1861, 25),
(1861, 13),
(1862, 19),
(1862, 7),
(1863, 8),
(1864, 5),
(1864, 19),
(1865, 6),
(1866, 17),
(1866, 21),
(1867, 6),
(1867, 18),
(1868, 10),
(1869, 11),
(1870, 7),
(1870, 21),
(1871, 14),
(1872, 3),
(1872, 14),
(1872, 20),
(1873, 17),
(1874, 3),
(1874, 23),
(1874, 13),
(1875, 11),
(1876, 12),
(1877, 23),
(1877, 10),
(1877, 15),
(1878, 19),
(1879, 19),
(1880, 9),
(1880, 20),
(1880, 18),
(1881, 4),
(1881, 22),
(1882, 12),
(1883, 21),
(1884, 12),
(1885, 15),
(1885, 2),
(1886, 10),
(1887, 18),
(1887, 16),
(1888, 21),
(1888, 25),
(1888, 14),
(1889, 25),
(1890, 14),
(1890, 18),
(1891, 8),
(1891, 1),
(1891, 23),
(1891, 2),
(1892, 11),
(1893, 14),
(1894, 3),
(1895, 25),
(1895, 6),
(1896, 5),
(1896, 18),
(1896, 9),
(1897, 23),
(1898, 9),
(1899, 2),
(1899, 10),
(1900, 5),
(1901, 8),
(1902, 18),
(1903, 8),
(1903, 16),
(1904, 19),
(1904, 18),
(1905, 8),
(1905, 21),
(1906, 18),
(1907, 4),
(1907, 24),
(1908, 3),
(1908, 24),
(1909, 2),
(1909, 21),
(1910, 1),
(1910, 12),
(1911, 25),
(1911, 9),
(1912, 14),
(1912, 15),
(1913, 25),
(1914, 10),
(1914, 14),
(1914, 9),
(1915, 2),
(1916, 3),
(1917, 18),
(1917, 14),
(1918, 10),
(1918, 11),
(1918, 13),
(1919, 8),
(1919, 18),
(1920, 23),
(1920, 10),
(1921, 6),
(1922, 15),
(1922, 21),
(1922, 1),
(1923, 16),
(1924, 7),
(1925, 2),
(1925, 1),
(1926, 24),
(1926, 25),
(1927, 3),
(1927, 9),
(1927, 20),
(1928, 12),
(1929, 5),
(1930, 24),
(1930, 5),
(1930, 11),
(1930, 6),
(1931, 7),
(1932, 10),
(1933, 14),
(1934, 3),
(1935, 16),
(1935, 10),
(1935, 23),
(1935, 18),
(1936, 23),
(1937, 17),
(1937, 23),
(1938, 11),
(1938, 20),
(1939, 12),
(1940, 3),
(1940, 12),
(1940, 23),
(1941, 4),
(1942, 5),
(1942, 20),
(1943, 19),
(1944, 18),
(1945, 2),
(1945, 20),
(1946, 11),
(1946, 13),
(1946, 9),
(1947, 24),
(1947, 20),
(1947, 7),
(1948, 1),
(1948, 25),
(1949, 3),
(1949, 21),
(1950, 18),
(1951, 16),
(1951, 22),
(1952, 2),
(1952, 6),
(1952, 3),
(1952, 10),
(1953, 22),
(1953, 19),
(1954, 11),
(1955, 20),
(1955, 7),
(1955, 5),
(1956, 8),
(1956, 14),
(1957, 18),
(1957, 15),
(1958, 15),
(1959, 6),
(1960, 8),
(1960, 7),
(1961, 4),
(1962, 3),
(1963, 2),
(1964, 6),
(1964, 24),
(1964, 15),
(1964, 3),
(1965, 4),
(1966, 10),
(1967, 21),
(1968, 23),
(1968, 12),
(1969, 6),
(1969, 8),
(1970, 6),
(1970, 23),
(1971, 3),
(1971, 1),
(1972, 18),
(1973, 24),
(1974, 14),
(1975, 15),
(1975, 17),
(1976, 7),
(1977, 5),
(1978, 9),
(1979, 4),
(1980, 16),
(1981, 6),
(1982, 10),
(1982, 21),
(1983, 3),
(1984, 13),
(1984, 1),
(1985, 7),
(1986, 19),
(1987, 20),
(1987, 23),
(1988, 5),
(1989, 18),
(1990, 3),
(1991, 1),
(1992, 4),
(1993, 23),
(1993, 2),
(1994, 20),
(1995, 2),
(1996, 19),
(1996, 2),
(1997, 14),
(1998, 22),
(1998, 14),
(1999, 22),
(2000, 15),
(2001, 15),
(2002, 24),
(2002, 16),
(2003, 1),
(2003, 23),
(2003, 22),
(2003, 15),
(2004, 9),
(2004, 18),
(2005, 25),
(2006, 3),
(2007, 1),
(2008, 7),
(2008, 4),
(2009, 20),
(2009, 2),
(2009, 9),
(2010, 19),
(2010, 9),
(2010, 1),
(2010, 3),
(2011, 3),
(2012, 2),
(2013, 9),
(2014, 25),
(2015, 1),
(2015, 18),
(2016, 16),
(2016, 11),
(2017, 2),
(2017, 15),
(2018, 11),
(2018, 16),
(2018, 3),
(2019, 19),
(2019, 8),
(2020, 8),
(2021, 22),
(2022, 9),
(2022, 23),
(2022, 19),
(2023, 15),
(2024, 22),
(2025, 5),
(2026, 20),
(2027, 15),
(2028, 17),
(2028, 3),
(2028, 22),
(2029, 12),
(2030, 3),
(2030, 5),
(2031, 6),
(2031, 12),
(2032, 10),
(2032, 17),
(2033, 8),
(2034, 8),
(2035, 12),
(2035, 9),
(2035, 1),
(2036, 24),
(2037, 21),
(2037, 23),
(2037, 2),
(2038, 10),
(2039, 4),
(2039, 25),
(2039, 2),
(2039, 11),
(2040, 18),
(2040, 21),
(2041, 15),
(2042, 13),
(2042, 21),
(2043, 22),
(2043, 8),
(2044, 9),
(2044, 12),
(2045, 11),
(2046, 4),
(2046, 8),
(2047, 25),
(2048, 15),
(2049, 11),
(2049, 19),
(2049, 23),
(2050, 11),
(2050, 14),
(2050, 24),
(2051, 12),
(2051, 10),
(2052, 14),
(2053, 18),
(2053, 25),
(2054, 23),
(2054, 22),
(2054, 12),
(2055, 22),
(2055, 2),
(2055, 17),
(2056, 8),
(2056, 19),
(2056, 11),
(2057, 21),
(2057, 16),
(2057, 25),
(2057, 23),
(2058, 9),
(2059, 3),
(2060, 16),
(2061, 9),
(2061, 5),
(2062, 12),
(2062, 15),
(2063, 12),
(2064, 25),
(2065, 9),
(2065, 2),
(2066, 9),
(2067, 14),
(2067, 6),
(2067, 10),
(2068, 6),
(2068, 16),
(2069, 10),
(2069, 23),
(2069, 21),
(2070, 7),
(2070, 21),
(2070, 17),
(2071, 2),
(2071, 8),
(2072, 18),
(2073, 15),
(2074, 24),
(2074, 25),
(2074, 7),
(2075, 9),
(2075, 22),
(2076, 25),
(2077, 2),
(2078, 5),
(2078, 24),
(2079, 24),
(2079, 10),
(2080, 24),
(2081, 4),
(2081, 13),
(2081, 23),
(2082, 9),
(2083, 9),
(2083, 11),
(2083, 4),
(2084, 8),
(2084, 17),
(2085, 2),
(2086, 17),
(2086, 24),
(2087, 15),
(2088, 7),
(2089, 5),
(2090, 6),
(2090, 8),
(2090, 17),
(2091, 11),
(2092, 4),
(2093, 17),
(2093, 14),
(2094, 11),
(2094, 20),
(2095, 20),
(2096, 25),
(2096, 10),
(2097, 12),
(2098, 24),
(2099, 12),
(2099, 1),
(2100, 3),
(2101, 19),
(2102, 14),
(2102, 15),
(2103, 14);

